의료기관명,의료기관주소(도로명),의료기관전화번호
세검정한의원,"경기도 고양시 덕양구 동송로 33, 이편한세상시티삼송 1차 상가동 136호 (동산동)",02-381-7550
내유참가정의학과의원,"경기도 고양시 덕양구 내유길 27, 2 층 (내유동)",070-4266-2628
향동한의원,"경기도 고양시 덕양구 향기로 68, 모아프라자 304호 (향동동)",02-3158-1075
원당바른정형외과의원,"경기도 고양시 덕양구 호국로789번길 6, 중앙빌딩 4층 1호 (주교동)",031-962-8275
오슬견한의원,"경기도 고양시 덕양구 화랑로165번길 19-1, 1,2층 (화전동)",02-3158-3619
연세엘치과의원,"경기도 고양시 덕양구 중앙로558번길 16-12, 엘지프라자 201,202호 (행신동)",031-938-2275
채움한의원,"경기도 고양시 덕양구 덕수천2로 150, e편한세상시티삼송2차 상가동 216, 217 호 (동산동)",02-2135-3306
타토아의원,"경기도 고양시 덕양구 고양대로 1955, 스타필드 고양 4층 4200-6호 (동산동)",02-371-0221
행신애플소아청소년과의원,"경기도 고양시 덕양구 무원로6번길 20, M타워 203호 (행신동)",031-972-3119
다나은의원,"경기도 고양시 덕양구 도래울로 42-5, 3층 301,302호 (도내동)",031-812-5001
로즈산부인과의원,"경기도 고양시 덕양구 삼송로 88, 오성프라자 202호 (삼송동)",02-381-9115
봄여성의원,"경기도 고양시 덕양구 중앙로 622, J.S빌딩 3층 (화정동)",031-810-2222
서울행복담은치과의원,"경기도 고양시 덕양구 삼송로 190-5, 외 2필지 2층 일부 (삼송동)",02-381-0300
행신준재활의학과의원,"경기도 고양시 덕양구 무원로6번길 20, M타워 3층,8층 (행신동)",031-972-4777
연세맘스그린여성의원,"경기도 고양시 덕양구 무원로6번길 20, M타워 5층 504,505호 (행신동)",031-938-3070
닥터서울한의원,"경기도 고양시 덕양구 능곡로13번길 15, 1층,2층 101~103호, 207~209호 (토당동, 한강 능곡역 성원상떼빌)",031-819-9900
아란소아청소년과의원,"경기도 고양시 덕양구 덕수천2로 150, e-편한세상시티삼송2차상가동 226,227호 (동산동)",02-371-2422
경희우소한의원,"경기도 고양시 덕양구 삼송로 189-7, 희성플라자201호 (삼송동)",02-386-6101
다섯가지약속치과의원,"경기도 고양시 덕양구 화중로104번길 30, 한성리츠빌 203~204호 (화정동)",031-963-2080
코아이비인후과의원,"경기도 고양시 덕양구 마상로154번길 68, 문덕메디칼빌딩 301호,303호호 (성사동)",031-963-5014
화정본정형외과의원,"경기도 고양시 덕양구 화신로272번길 58, 영프라자빌딩 5층 501~504호 (화정동)",031-974-7587
힘찬걸음한의원,"경기도 고양시 덕양구 화신로260번길 64, 삼진빌딩 4층 401호 (화정동)",031-979-5077
초한의원,"경기도 고양시 덕양구 화신로272번길 3, 대경프라자 II 401호 (화정동)",031-965-3102
삼성공감정신건강의학과의원,"경기도 고양시 덕양구 삼송로 189-7, 301호 (삼송동)",02-371-1544
닥터조치과의원,"경기도 고양시 덕양구 호국로790번길 6, 2층 (성사동)",031-811-2828
삼송서울정형외과의원,"경기도 고양시 덕양구 삼송로 190-5, 3층 (삼송동)",02-371-3232
성모튼튼정형외과의원,"경기도 고양시 덕양구 신원로 32, 미래메디컬 빌딩 2층 (신원동)",02-381-6789
연세삼성의원,"경기도 고양시 덕양구 권율대로 672, 308호 (원흥동)",031-963-8868
서의원,"경기도 고양시 덕양구 중앙로 550, 삼일프라자 602호호 (행신동)",031-970-0121
서한의원,"경기도 고양시 덕양구 중앙로 550, 삼일프라자 602호 (행신동)",031-970-0121
더삼송치과의원,"경기도 고양시 덕양구 삼송로 189-7, 302호 (삼송동)",02-2038-3020
서울클리어치과교정과 치과의원,"경기도 고양시 덕양구 화중로 72, 201호 (화정동)",031-978-2925
고잘미소아과의원,"경기도 고양시 덕양구 화신로272번길 58, 영프라자빌딩 412호 (화정동)",031-972-0079
닥터우신경외과의원,"경기도 고양시 덕양구 토당로 54, 충정회관 2층 (토당동)",031-973-3500
삼송스마트한의원,"경기도 고양시 덕양구 동송로 69, 명빌딩 302호 (삼송동)",02-371-1082
삼송스마트치과의원,"경기도 고양시 덕양구 동송로 69, 명빌딩 301호 (삼송동)",02-371-2879
어울림의원,"경기도 고양시 덕양구 호국로 803, 2층 (주교동, 세창아파트)",031-962-5275
이준각가정의학과의원,"경기도 고양시 덕양구 동송로 69, 2층 (삼송동)",02-353-8253
정이든치과의원,"경기도 고양시 덕양구 세솔로 96, 3층 (삼송동)",02-371-2279
다온한의원,"경기도 고양시 덕양구 서정마을1로 2, 301,302호 (행신동)",031-979-7538
유민내과의원,"경기도 고양시 덕양구 삼송로 94-22, 신성프라자 302호 (삼송동)",02-353-1191
통일로한의원,"경기도 고양시 덕양구 통일로 760, 3층 321호 (관산동, 더퍼스트프라임)",031-967-3137
엔와이유어린이치과의원,"경기도 고양시 덕양구 화신로260번길 66, 한빛 하이죤 8층 801호 (화정동)",031-938-9075
가가한의원,"경기도 고양시 덕양구 무원로36번길 46, 예일클리닉빌딩 403,404,405호 (행신동)",031-8073-8811
화정마디탑정형외과의원,"경기도 고양시 덕양구 화중로 76, 대감빌딩 204호 (화정동)",031-994-7533
연세제일정형외과의원,"경기도 고양시 덕양구 화중로 60, 화정빌딩 2,5층 201,506호 (화정동)",031-979-7577
수아내과의원,"경기도 고양시 덕양구 의장로 140, 연세프라자 7층 (도내동)",031-964-5522
도래울정형외과의원,"경기도 고양시 덕양구 도래울로 103, 대영프라자 501,502호 (도내동)",031-813-1179
연세하나정신건강의학과의원,"경기도 고양시 덕양구 삼송로 12, 반도유스퀘어 407호 (원흥동)",031-967-8678
미올한의원,"경기도 고양시 덕양구 화중로 72, 4층 (화정동)",031-938-1075
건강유내과의원,"경기도 고양시 덕양구 행신로 276, 301호 (행신동, 명일프라자)",031-973-7788
화정한의원,"경기도 고양시 덕양구 화중로 60, 2층 205,206호 (화정동, 화정빌딩)",031-973-3700
메이퓨어의원,"경기도 고양시 덕양구 화신로272번길 48, 3층 301~303호 (화정동, 유퍼스트빌딩)",031-978-9906
사랑의치과의원,"경기도 고양시 덕양구 혜음로 23, 2층 (고양동)",031-994-2842
경희명인당한의원,"경기도 고양시 덕양구 권율대로 901, 4층 401, 402호 (신원동, 신원캐슬2)",02-381-3075
연세편안의원,"경기도 고양시 덕양구 고양대로 1365, 1층 일부호 (성사동)",031-962-5087
리다이비인후과의원,"경기도 고양시 덕양구 권율대로 885, 3층 305호 (신원동, 태웅PLAZA)",02-381-2588
서울우리치과의원,"경기도 고양시 덕양구 행신로 145, 3층 (행신동)",031-972-8885
원흥서울치과의원,"경기도 고양시 덕양구 삼송로 12, 5층 505, 506, 507호 (원흥동, 반도유스퀘어)",031-964-2275
랑스마일치과의원,"경기도 고양시 덕양구 의장로 140, 3층 305호 (도내동, 원흥연세프라자)",031-969-2879
서울성모안과의원,"경기도 고양시 덕양구 삼송로 12, 4층 401, 402호 (원흥동, 반도유스퀘어)",031-967-5354
맑은아침안과의원,"경기도 고양시 덕양구 삼송로 88, 5층 501호 (삼송동, 오성프라자)",02-381-8775
예피부과의원,"경기도 고양시 덕양구 화정로 47, 3층 310, 311, 312호 (화정동, 동원텔)",031-965-6345
어울림홍내과의원,"경기도 고양시 덕양구 고양대로1384번길 6, 2층 (성사동, 어울림마을8단지)",031-967-0611
서울미래치과의원,"경기도 고양시 덕양구 도래울로 36, 2층 202호 (도내동, 원흥프라자)",031-965-7522
삼송가정의학과의원,"경기도 고양시 덕양구 권율대로 889, 4층 401호 (신원동, 파스텔시티2)",02-586-0110
올바른한의원,"경기도 고양시 덕양구 중앙로 442, 4층 403호 (행신동, 아성프라자)",031-972-1075
원당효소촌한의원,"경기도 고양시 덕양구 원당로125번길 12, 2층 (주교동, 원릉빌딩)",031-966-7510
고려삼송재활의학과의원,"경기도 고양시 덕양구 삼송로 12, 반도유스퀘어 301~304호 (원흥동)",031-966-6688
바른신경외과의원,"경기도 고양시 덕양구 권율대로 893, 파스텔 시티 201~203호,301호,304~307호 (신원동)",02-381-7275
늘품한의원,"경기도 고양시 덕양구 호국로 804, 2층 201호 (성사동, 원당타운)",031-927-9981
일등한의원,"경기도 고양시 덕양구 혜음로 27, 2층 (고양동)",031-964-8575
현대치과의원,"경기도 고양시 덕양구 동세로 11, 202, 203호 (동산동, 명주프라자)",02-305-8148
더편한 정형외과의원,"경기도 고양시 덕양구 행신로 268, 4층 401호 (행신동, 애담메디칼타워)",031-938-9715
세솔 메디컬 의원,"경기도 고양시 덕양구 권율대로 893, 504,505,506,507호 (신원동, 파스텔 시티)",02-6964-7582
정석치과의원,"경기도 고양시 덕양구 도래울로 105, 3층 303호 (도내동, 아카메디)",031-926-2725
연세아이웃음꽃치과의원,"경기도 고양시 덕양구 권율대로 899, 3층 301, 302호 (신원동)",02-6338-2828
지인 마취통증의학과 의원,"경기도 고양시 덕양구 화정로 65-1, 3층 일부호 (화정동, 우리프라자)",031-965-8855
매디플란트 치과의원,"경기도 고양시 덕양구 권율대로 889, 402호 (신원동, 파스텔시티2)",02-381-7528
백세88 마취통증의학과의원,"경기도 고양시 덕양구 화정로 53 (화정동, 새롬프라자)",031-926-4066
미래365소아청소년과 의원,"경기도 고양시 덕양구 신원로 32, 301호 (신원동, 미래메디컬빌딩)",02-381-0365
키즈앤 맘 치과의원,"경기도 고양시 덕양구 도래울로 54, 302호 (도내동, 도래올빌딩)",031-964-2080
고려튼튼정형외과의원,"경기도 고양시 덕양구 통일로 760, 304,305,316호 (관산동, 더퍼스트프라임)",031-963-4200
화정쁨의원,"경기도 고양시 덕양구 화중로 72, 903호 (화정동, 케이탑리츠 화정빌딩)",031-938-7454
키즈원 소아청소년과 의원,"경기도 고양시 덕양구 도래울로 104, 402호 (도내동, KB골든타워)",031-963-0050
별가람연세이비인후과 의원,"경기도 고양시 덕양구 삼송로 88, 402호 (삼송동, 오성프라자)",02-381-7077
참보인한의원,"경기도 고양시 덕양구 도래울로 104, 304호 (도내동, KB골든타워)",031-965-1075
타임이비인후과의원,"경기도 고양시 덕양구 통일로 760, 307, 308호 (관산동, 더퍼스트프라임)",031-963-1089
다솜한의원,"경기도 고양시 덕양구 권율대로 885, 303호 (신원동, 태웅PLAZA)",02-381-5432
서울도래울치과의원,"경기도 고양시 덕양구 도래울로 104, 302호 303호 (도내동, KB골든타워)",031-966-2275
삼송우리들치과의원,경기도 고양시 덕양구 삼송로 92 (삼송동),02-382-0011
연세참마취통증의학과의원,"경기도 고양시 덕양구 혜음로 21, 3층 (고양동)",
연세엘내과의원,"경기도 고양시 덕양구 동세로 63, 4층 (삼송동, 강남프라자)",02-381-2522
연세드림의원,"경기도 고양시 덕양구 도래울로 103, 404호 (도내동, 대영프라자)",031-965-7512
인술명인한의원,"경기도 고양시 덕양구 화중로104번길 26, 201호 (화정동, 한솔타워)",031-969-7575
차내과의원,"경기도 고양시 덕양구 도래울로 103, 3층 304호 (도내동, 대영프라자)",031-815-3036
한서울치과의원,"경기도 고양시 덕양구 권율대로 885, 4층 403~404호 (신원동, 태웅프라자)",02-371-2223
도래울부부한의원,"경기도 고양시 덕양구 도래울로 103, 4층 405호 (도내동, 대영프라자)",031-972-7588
능곡맑은성모의원,"경기도 고양시 덕양구 토당로 115, 2층 211호 (토당동, 금호프라자)",031-970-8279
에코이비인후과의원,"경기도 고양시 덕양구 도래울로 110, 원흥테마시티  305~306호 (도내동)",031-968-2929
원흥본치과의원,"경기도 고양시 덕양구 도래울로 103, 4층 403호 (도내동, 대영프라자)",031-815-2080
고려정형외과의원,"경기도 고양시 덕양구 읍내로6번길 1-8, 2,3,4층 (고양동)",031-969-3900
김앤유내과의원,"경기도 고양시 덕양구 권율대로 886, 303호 (신원동, 호평프라자)",02-381-3551
청담우리의원,경기도 고양시 덕양구 유산길 3 (내유동),031-963-6444
시민한의원,"경기도 고양시 덕양구 도래울로 34, 3층 (도내동, 다원누리빌딩)",031-964-6929
김소은내과의원,"경기도 고양시 덕양구 충장로 140, 3층 302,303호 (행신동)",031-926-3560
두리의원,경기도 고양시 덕양구 토당로 124 (토당동),031-972-8571~2
세오의원,"경기도 고양시 덕양구 화정로 65-1, 3층 (화정동, 우리프라자)",031-966-6664
연세선내과의원,"경기도 고양시 덕양구 화중로 76, 303,305,306호 (화정동, 대감빌딩)",031-970-7585
화전성모의원,"경기도 고양시 덕양구 화랑로 20-2, 2층 (화전동)",02-3158-0172
삼송어울림한의원,"경기도 고양시 덕양구 삼송로 94-22, 401호 (삼송동, 신성프라자)",02-381-7582
삼송늘푸른소아청소년과의원,"경기도 고양시 덕양구 삼송로 94-22, 301호 (삼송동, 신성프라자)",02-371-3004
봄날그리고치과의원,"경기도 고양시 덕양구 삼송로 88, 301호 (삼송동, 오성프라자)",02-735-2279
맑은미소치과의원,"경기도 고양시 덕양구 삼송로 94-22, 신성프라자 204호 (삼송동)",02-354-0028
서울에스치과의원,"경기도 고양시 덕양구 마상로154번길 68, 3층 (성사동, 금강빌딩)",031-968-0028
삼송경희한의원,"경기도 고양시 덕양구 삼송로 88, 401호 (삼송동, 오성프라자)",02-371-3375
원흥행복치과의원,"경기도 고양시 덕양구 도래울로 34, 4층 (도내동)",031-968-2275
서울팀치과의원,"경기도 고양시 덕양구 권율대로 886, 2층 203, 204, 206호 (신원동, 호평PLAZA)",02-371-2872
도래울아이랑소아청소년과의원,"경기도 고양시 덕양구 도래울로 52, 3층 301호 (도내동, 센터프라자)",031-966-2220
뿌리사랑치과의원,"경기도 고양시 덕양구 통일로 760, 302,303호 (관산동, 더퍼스트라임주상복합상가)",031-963-2291
아름드리소아청소년과의원,"경기도 고양시 덕양구 도래울로 40, 202호 (도내동, 예승골드프라자)",031-963-7373
삼송상쾌한이비인후과의원,"경기도 고양시 덕양구 권율대로 886, 4층 1,2호 (신원동)",02-381-9136
경희튼튼한의원,"경기도 고양시 덕양구 호국로 790, 2층 (성사동, 연일빌딩)",031-966-9633
정성치과의원,"경기도 고양시 덕양구 토당로 52, 3층 (토당동, 능곡역프라자)",031-974-2806
맑은샘이비인후과의원,"경기도 고양시 덕양구 동세로 88, 301호 (삼송동, 오케이세솔프라자)",02-353-1475
북경한의원,"경기도 고양시 덕양구 세솔로 96, 4층 (삼송동)",02-381-9966
단비한의원,"경기도 고양시 덕양구 신원로 40, 303호 (신원동, 삼송시티프라자)",02-371-1075
편안한내과의원,"경기도 고양시 덕양구 혜음로 36, 2층 (고양동)",031-966-0333
연세누리소아청소년과의원,"경기도 고양시 덕양구 중앙로 628, 3층 303호 (화정동)",031-979-5145
화정인제한의원,"경기도 고양시 덕양구 화중로104번길 28, 201호 (화정동, 화정씨네마플러스)",031-965-3701
나무치과의원,"경기도 고양시 덕양구 신원로 40, 302호 (신원동)",02-371-2080
신통방통한의원,"경기도 고양시 덕양구 토당로 52, 203호 (토당동, 능곡프라자)",031-971-7534
삼대사랑한의원,경기도 고양시 덕양구 행당로 12-2 (토당동),031-974-1075
연세본정형외과의원,"경기도 고양시 덕양구 동세로 19, 2층 (동산동, 메디프라자)",02-371-1110
삼성키즈Ⅰ소아청소년과 의원,"경기도 고양시 덕양구 신원로 40, 301호 (신원동, 삼송씨티프라자)",02-371-1275
고양우리치과의원,"경기도 고양시 덕양구 혜음로 30, 103동 204,205호 (고양동, 삼성아파트상가동)",031-969-2804
레인보우의료생활협동조합마디메디의원,경기도 고양시 덕양구 화중로 72 (화정동),031-979-5001
원당정형외과의원,"경기도 고양시 덕양구 마상로154번길 68, 203호 (성사동, 문덕빌딩)",031-969-7588
동산연세소아청소년과의원,"경기도 고양시 덕양구 동산2로 1, 203호 (동산동)",02)381-7534
드림인삼송의원,"경기도 고양시 덕양구 세솔로 96, 2층 (삼송동, 성산빌딩)",02-383-0102
바른생각더블유치과의원,"경기도 고양시 덕양구 호국로 803, 2층 (주교동)",031-926-2288
서울의원,"경기도 고양시 덕양구 통일로 774, 2, 3, 지하층 (관산동)",031-964-1300
굿모닝내과의원,"경기도 고양시 덕양구 호국로 803, 206호 (주교동, 동세청자아,상가)",031-965-7800
삼송서울치과의원,"경기도 고양시 덕양구 권율대로 672, 411호~413호 (원흥동)",02-356-2835
삼성키즈소아청소년과의원,"경기도 고양시 덕양구 동세로 86, 3층 (삼송동)",02-388-1119
박재범한의원,"경기도 고양시 덕양구 통일로 1262, 2층 (내유동)",031-969-1275
아이엔여기한의원,"경기도 고양시 덕양구 화중로 98, 2층 (화정동)",031-965-1175
삼송탑치과의원,"경기도 고양시 덕양구 삼송로 185, 2층 (삼송동)",02-388-2878
내유한의원,"경기도 고양시 덕양구 유산길 17 (내유동, 1층)",031-811-8275
힐링미소치과의원,"경기도 고양시 덕양구 화중로 32-31, 4층 (화정동)",031-972-2882
365서울소아청소년과의원,"경기도 고양시 덕양구 화중로 66-0 (화정동, 롯데마트)",031-979-5056
소나무한의원,경기도 고양시 덕양구 충경로 31 (행신동),031-971-8732
힐링치과의원,"경기도 고양시 덕양구 서정마을1로 20-10 (행신동, 3층)",031-979-3925
행신조은의원,"경기도 고양시 덕양구 충장로 150 (행신동, 롯데마트 고양점2층)",031-971-3385
하얀치과의원,"경기도 고양시 덕양구 충경로 87, 2층 (행신동, 대명상가)",031-938-2875
원당대명한의원,경기도 고양시 덕양구 호국로 822 (성사동),031-963-6022
길한의원,"경기도 고양시 덕양구 무원로6번길 36, 503호 (행신동, 남정씨티프라자6차)",031-970-1662
서울속내과의원,"경기도 고양시 덕양구 행신로 266, 3층 301,302,303호 (행신동, 월드타워)",031-970-0097
좋은느낌산부인과의원,"경기도 고양시 덕양구 호국로790번길 17, 영프라자 406호 (성사동)",031-963-5110
굿모닝소아청소년과의원,"경기도 고양시 덕양구 충장로 134, 208,209호 (행신동, 아이프라자)",031-973-6002
정직한치과의원,"경기도 고양시 덕양구 호국로 804, 303호 (성사동, 원당타운)",031-966-2877
현대이비인후과의원,"경기도 고양시 덕양구 행신로 266, 402호 (행신동, 월드타워)",031-978-8276
서울메이치과의원,"경기도 고양시 덕양구 화신로260번길 66, 9층 901호 (화정동, 한빛 하이죤)",031-978-9966
좌명은한의원,"경기도 고양시 덕양구 권율대로 903, 2층 201, 202호 (신원동, 건우아트프라자)",02-371-1072
성보의원,"경기도 고양시 덕양구 원당로125번길 12, 201호 (주교동, 원릉빌딩)",031-966-7535
진세진산부인과의원,"경기도 고양시 덕양구 화정로 47, 203,204-2호 (화정동, 동원텔)",031-811-7361
서화한의원,"경기도 고양시 덕양구 충장로 140, 3층 (행신동, 썬프라자)",031-970-7900
샛별소아청소년과의원,"경기도 고양시 덕양구 백양로 51, 304호 (화정동, 네이버타운)",031-938-0191
원당오케이마취통증의학과의원,"경기도 고양시 덕양구 호국로 783, 2층 (주교동, 문화빌딩)",031)968-7566
연세영림의원,"경기도 고양시 덕양구 서정마을로 5, 2층 (행신동, 행신프라자)",031-971-8575
편한치과의원,"경기도 고양시 덕양구 통일로 1267, 2층 (내유동)",031-962-2875
서울본치과의원,"경기도 고양시 덕양구 호국로 859, 207,208호 (성사동, 대림e편한세상아파트상가동)",031-971-0133
스타필의원,"경기도 고양시 덕양구 호국로789번길 6, 3층 (주교동, 중앙빌딩)",031-965-2255
해비치한의원,"경기도 고양시 덕양구 중앙로 383, 2층 (행신동, 서정빌딩)",031-938-0085
서울준치과의원,"경기도 고양시 덕양구 화신로 309, 302호 (화정동, 별빛마을9단지 주상가동)",031-938-2808
정마취통증의학과의원,"경기도 고양시 덕양구 호국로 822, 206호 (성사동, 명지캐럿86)",031-962-9500
명인치과의원,"경기도 고양시 덕양구 푸른마을로 30, 301호 (고양동, 서정프라자)",031-962-7529
바른의료소비자생활협동조합해피라인의원,"경기도 고양시 덕양구 화신로260번길 66, 5층 (화정동, 한빛 하이죤)",1599-5811
우리원당한의원,"경기도 고양시 덕양구 호국로 773, 5층 501호,502호 ,503호 (주교동, 코스모프라자빌딩)",031-966-0818
수이강한의원,"경기도 고양시 덕양구 중앙로 440, 302호 (행신동, 센타프라자)",031-971-1017
더나은내과의원,"경기도 고양시 덕양구 백양로 51, 604호 (화정동, 네이버타운)",031-938-5392
미래내과의원,"경기도 고양시 덕양구 유산길 22, 2층 (내유동)",031-964-2015
서울연합내과의원,"경기도 고양시 덕양구 보광로 2, 2층 (고양동)",031-962-7754
코엔비이비인후과의원,"경기도 고양시 덕양구 화중로 72, 401호 (화정동, 홀인원프라자)",031-979-0330
어울림한의원,"경기도 고양시 덕양구 화중로 220, 207,208호 (화정동, 달빛마을 부영상가)",031-962-0110
경희홍한의원,"경기도 고양시 덕양구 화정로 53-1, 4층 410~415호 (화정동, 글로리아빌딩)",031-963-0871
봄소아청소년과의원,"경기도 고양시 덕양구 호국로 819, 1층 (주교동, 신도빌딩)",031-967-9696
한치과의원,"경기도 고양시 덕양구 호국로 851, 202호 (성사동, 정남빌딩)",031-966-4228
박종환의 행복을드리는 의원,"경기도 고양시 덕양구 호국로 851, 2층 (성사동)",031-963-6100
햇빛가정의학과의원,"경기도 고양시 덕양구 중앙로472번길 79, 1층 (행신동)",031-972-8911
보원당한의원,"경기도 고양시 덕양구 화중로 72, 5층 501호 (화정동, 케이탑리츠화정빌딩)",031-930-5555
화정함소아한의원,"경기도 고양시 덕양구 화신로260번길 57, 3층 (화정동, 311호,312호 요진타워빌딩)",031-970-2020
은평연세정형외과의원,"경기도 고양시 덕양구 중앙로 450, 403호 (행신동, 명성프라자)",031-972-1155
미소누리치과의원,"경기도 고양시 덕양구 중앙로 442, 3층 (행신동, 아성프라자)",031-930-7522
김정우한의원,"경기도 고양시 덕양구 중앙로 450, 304호 명성프라자 (행신동)",031-938-3006
최소아청소년과의원,"경기도 고양시 덕양구 중앙로 450, 3층 303호 (행신동)",031-930-7799
새롬가정의학과의원,"경기도 고양시 덕양구 중앙로 438, 202호 (행신동, 상업용지 F23아름터프라자)",031-938-7388
서울려치과의원,"경기도 고양시 덕양구 중앙로 450, 302호 (행신동, 명성프라자)",031-930-7575
푸른숲한의원,"경기도 고양시 덕양구 용현로 27, 304호 (행신동, 행신프라자)",
미애로여성의원,"경기도 고양시 덕양구 중앙로 560, 301호 (행신동, 화성골드프라자)",
참밝은안과의원,"경기도 고양시 덕양구 중앙로 452, 502호 (행신동, 메디스타원)",031-938-6050
리앤양의원,"경기도 고양시 덕양구 백양로 51, 404동 1호 (화정동, 네이버타운)",031-938-7522
리앤양한의원,"경기도 고양시 덕양구 백양로 51, 4층 404-2호 (화정동, 네이버타운)",031-938-7521
성제국한의원,경기도 고양시 덕양구 삼송로 179-1 (삼송동),02-381-0077
서울미래내과의원,"경기도 고양시 덕양구 중앙로 452, 201호 (행신동, 메디스타원)",031-978-8875
행신중앙의원,"경기도 고양시 덕양구 충경로 87, 32,33,34호 (행신동, 소만마을7단지상가)",
임성수치과의원,"경기도 고양시 덕양구 중앙로 440, 502호 (행신동, 센타프라자)",031-938-2872
행신연세소아청소년과의원,"경기도 고양시 덕양구 중앙로 452, 401,402호 (행신동, 메디스타원)",
연세하나치과의원,"경기도 고양시 덕양구 중앙로 452, 701호 (행신동, 메디스타원)",031-973-2279
다사랑이비인후과의원,"경기도 고양시 덕양구 중앙로 452, 301호 (행신동, 메디스타원)",031-979-0155
경희희망한의원,"경기도 고양시 덕양구 중앙로 452, 5층 (행신동, 메디스타원)",031-971-7582
미시간치과의원,"경기도 고양시 덕양구 중앙로 438, 301호 (행신동, 아름터프라자)",031-973-7522
원당수치과의원,"경기도 고양시 덕양구 호국로 822, 204호 (성사동)",031-966-7528
맑은눈의원,"경기도 고양시 덕양구 혜음로 45, 201호 (고양동, 고양메디컬빌딩)",031-962-2451
청담고운선의원,"경기도 고양시 덕양구 화신로272번길 57, 4층 (화정동, 태원빌딩)",031-973-7771
드림정형외과의원,"경기도 고양시 덕양구 호국로789번길 7, 2층 201, 202호 (주교동)",031-964-0594
신도한의원,"경기도 고양시 덕양구 호국로 792, 2층 (성사동)",031-965-3535
우리정형외과의원,"경기도 고양시 덕양구 중앙로 542, 세신훼미리타운 2층 205호,206호 (행신동)",
밝은연세안과의원,"경기도 고양시 덕양구 통일로 795, 2층 (관산동, 류진빌딩)",031-969-0806
뉴욕윤치과의원,"경기도 고양시 덕양구 화정로 65-1, 304호 (화정동, 우리프라자)",031-962-7533
흐를류한의원,"경기도 고양시 덕양구 고양대로 1387, 305,306,307호 (성사동, 성원코아)",031-966-1075
휴치과의원,"경기도 고양시 덕양구 충장로 2, 201,202호 (행신동)",031-978-2877
우비뇨기과의원,"경기도 고양시 덕양구 화신로272번길 67, 6층 (화정동, 장군빌딩(우비뇨기과의원))",031 815-8020
화정벌의원,"경기도 고양시 덕양구 화정로 53, 704~706호 (화정동, 새롬프라자)",031-967-2248
충신한의원,"경기도 고양시 덕양구 중앙로 542, 301,303,307~311호 (행신동, 세신훼미리타운)",031-979-1073
주행한의원,"경기도 고양시 덕양구 지도로 105, 5층 (토당동, 능곡클리닉)",031-971-5288
하나소아청소년과의원,"경기도 고양시 덕양구 푸른마을로 6, 308-1호 (고양동, 고양 e PLAZA)",031 969-4685
이끌림의원,"경기도 고양시 덕양구 충장로 134, 407호 (행신동, 아이프라자)",031 972-0281
중앙치과의원,"경기도 고양시 덕양구 고양대로1384번길 6, 2층 (성사동, 삼보상가)",031-963-3824
이안치과의원,"경기도 고양시 덕양구 지도로 105, 2층 (토당동)",031-971-1400
유디화정치과의원,"경기도 고양시 덕양구 화신로260번길 66, 403호,404호 (화정동, 한빛 하이죤)",031-970-2882
자연한의원,"경기도 고양시 덕양구 푸른마을로 6, 201호 (고양동, 고양 e PLAZA)",031-969-9797
가야한의원,"경기도 고양시 덕양구 화신로260번길 66, 401호 (화정동, 한빛 하이죤)",031-974-8275
늘푸른한의원,"경기도 고양시 덕양구 혜음로 29-2, 2층 (고양동)",031-969-1075
서울라임치과의원,"경기도 고양시 덕양구 호국로789번길 6, 301호 (주교동, 중앙빌딩)",031-969-2875
경희그린비한의원,경기도 고양시 덕양구 충장로 134 (행신동),031-938-3888
화정코앤키한의원,"경기도 고양시 덕양구 화정로 53, 202호 (화정동, 새롬프라자)",031-965-5775
푸른치과의원,"경기도 고양시 덕양구 원당로 57, 2층 (주교동)",031-966-2804
밝은미래의원,"경기도 고양시 덕양구 읍내로6번길 1-8, 1층 (고양동)",031 969-3902
비타민치과의원,"경기도 고양시 덕양구 혜음로 45, 2층 (고양동, 고양메디컬빌딩)",031-964-7579
효재한의원,"경기도 고양시 덕양구 화중로 54, 2층 202호 (화정동, 서일빌딩)",031-970-3575
스마일재활의학과의원,"경기도 고양시 덕양구 행신로 266, 5층 501, 502호 (행신동, 월드타워)",031 938-7250
고양한의원,"경기도 고양시 덕양구 읍내로 15, 202호 (고양동, 프라자리치)",031-963-6611
서울삼성정형외과의원,"경기도 고양시 덕양구 혜음로 9, 2층,3층 (고양동, 종호빌딩)",031 962-1515
고양연세의원,"경기도 고양시 덕양구 푸른마을로 6, 304호,312호 (고양동, 고양 e PLAZA)",031 964-5078
원당연세치과의원,"경기도 고양시 덕양구 호국로 778-28, 2층 (성사동, 성산빌딩)",031-818-2875
맑은하루이비인후과의원,"경기도 고양시 덕양구 중앙로558번길 16-6, 306~309호 (행신동, 신일빌딩)",031 979-5075
굿모닝이비인후과의원,"경기도 고양시 덕양구 충장로 134, 210호,211호 (행신동, 아이프라자)",031 973-6002
연세미소내과의원,"경기도 고양시 덕양구 화중로 72, 402호 (화정동, 홀인원프라자)",031 978-2477
연세지앤미치과의원,"경기도 고양시 덕양구 화신로272번길 57, 402호 (화정동, 태원빌딩)",031-938-2885
서울샘치과의원,"경기도 고양시 덕양구 백양로 51, 504호 (화정동, 네이버타운)",031-938-8275
연세웰치과의원,"경기도 고양시 덕양구 화중로 72, 502호 (화정동, 홀인원프라자)",031-974-2004
경희길한의원,"경기도 고양시 덕양구 백양로 85, 208호 (화정동, 동양트레벨II)",031-814-3555
능곡의원,경기도 고양시 덕양구 지도로 105 (토당동),031-972-1112
새생명한의원,"경기도 고양시 덕양구 화정로 53, 4층 (화정동, 새롬프라자)",031-968-8788
나은치과의원,"경기도 고양시 덕양구 중앙로 542, 315호,316호 (행신동, 세신훼미리타운)",031-975-2818
연세사랑꽃소아과의원,"경기도 고양시 덕양구 토당로 52, 301호 (토당동, 능곡역프라자)",031 979-9717
이움내과의원,"경기도 고양시 덕양구 화신로 273, 3층 (화정동, 명지프라자)",031 979-0875
내유가정의학과의원,경기도 고양시 덕양구 유산길 35 (내유동),031 964-5033
화정우리한의원,"경기도 고양시 덕양구 화신로 295, 203호 (화정동, 건영상가)",031-819-1075
화정 한마음치과의원,"경기도 고양시 덕양구 화신로 273, 5층 (화정동, 명지프라자)",031-979-2895
원당청한의원,경기도 고양시 덕양구 마상로154번길 68 (성사동),031-966-8272
메디에스의원,"경기도 고양시 덕양구 화신로 273, 401호 (화정동, 명지프라자)",031 938-7300
광동한의원,"경기도 고양시 덕양구 호국로 778-28, 3층 (성사동, 성산빌딩)",031-966-1010
유니온아이치과의원,"경기도 고양시 덕양구 화정로 53, 304호 (화정동, 새롬프라자)",031-964-4293
석승엽정형외과의원,"경기도 고양시 덕양구 읍내로 10, 2층,5층 (고양동, 현대빌딩)",031 969-8275
조은재활의학과의원,"경기도 고양시 덕양구 호국로790번길 17, 402호 (성사동, 영프라자)",031 967-7585
장경한의원,"경기도 고양시 덕양구 화정로 65-1, 4층 (화정동, 우리프라자)",031-968-0052
시카고치과의원,"경기도 고양시 덕양구 충장로 134, 406호 (행신동, 아이프라자)",031-973-2879
신명한의원,"경기도 고양시 덕양구 중앙로558번길 16-6, 3층 4호,5호 (행신동, 신일빌딩)",031-972-1075
진명한의원,"경기도 고양시 덕양구 화중로104번길 24, 207호 (화정동, 송화빌딩)",031-968-0033
현대아산내과의원,"경기도 고양시 덕양구 혜음로 45, 2층 (고양동, 고양메디컬빌딩)",031 969-1142
경희명인한의원,"경기도 고양시 덕양구 호국로 808, 2층 (성사동, 코리아타운빌딩)",031-968-7702
서울푸른치과의원,"경기도 고양시 덕양구 푸른마을로 6, 307호 (고양동, 고양 e PLAZA)",031-962-7582
연세더블유치과의원,"경기도 고양시 덕양구 중앙로 559, 302~306호 (행신동, 그랑프리빌딩)",031-979-2282
호랑이한의원,"경기도 고양시 덕양구 지도로 36, 103호,104호 (토당동, 연일빌딩)",031-971-9995
이내과의원,"경기도 고양시 덕양구 호국로790번길 17, 408호 (성사동, 영프라자)",031 963-7582
하늘마취통증의학과의원,"경기도 고양시 덕양구 충장로 140, 403~406호 (행신동, 썬프라자)",031 979-1600
예창한의원,"경기도 고양시 덕양구 권율대로 894, 5층 (신원동, 새한일프라자)",02-381-0033
한종학내과의원,"경기도 고양시 덕양구 혜음로 30, 2층 (고양동, 삼성아파트상가)",031 963-7919
능곡예인의원,"경기도 고양시 덕양구 지도로103번길 34, 2층 (토당동)",031 971-5464
원당미성한의원,"경기도 고양시 덕양구 호국로789번길 7, 203호 (주교동, 원당빌딩)",031-966-7533
행신오케이치과의원,"경기도 고양시 덕양구 충경로 38, 404호,405호 (행신동, 진일프라자)",031-978-2804
다옴한의원,"경기도 고양시 덕양구 충경로 87, 2층 31호 (행신동, 대명상가)",031-971-2713
행신연세내과의원,"경기도 고양시 덕양구 충경로 52, 302호 (행신동, 남정씨티프라자)",031 970-7999
화정부부경희한의원,"경기도 고양시 덕양구 화신로272번길 58, 415,710일부호 (화정동, 영프라자빌딩)",031-971-0213
나눔가정의학과의원,경기도 고양시 덕양구 행신로143번길 72-1 (행신동),031-938-9962
태평한의원,"경기도 고양시 덕양구 통일로 769-2, 2층 (관산동, 소망빌딩)",031-962-3399
안소아청소년과 의원,"경기도 고양시 덕양구 통일로 769-2, 3층 (관산동, 소망빌딩)",031-963-5118
성현내과의원,"경기도 고양시 덕양구 화중로 60, 303호,304호 (화정동, 화정빌딩)",031 973-5566-7
햇빛아이한의원,"경기도 고양시 덕양구 충장로152번길 47, 205호 (행신동, 햇빛마을20단지상가)",031-972-8880
서울한의원,"경기도 고양시 덕양구 호국로790번길 17, 401호 (성사동, 영프라자)",031-965-1277
연세민혜원산부인과의원,"경기도 고양시 덕양구 화중로 76, 501호 (화정동, 대감빌딩)",031 972-4222
우리안과의원,"경기도 고양시 덕양구 호국로790번길 17, 403호 (성사동, 영프라자)",031 965-1331
미래한의원,"경기도 고양시 덕양구 화신로260번길 58, 403호 (화정동, 비전프라자)",031-971-4911
화정서울안과의원,"경기도 고양시 덕양구 화신로272번길 67, 5층 (화정동, 장군빌딩)",031 973-0075
관산한의원,경기도 고양시 덕양구 통일로 757 (관산동),031-964-5067
천수한의원,경기도 고양시 덕양구 삼송로193번길 12 (삼송동),02-381-1075
마음공감정신건강의학과의원,"경기도 고양시 덕양구 화정로 53, 303호 (화정동, 새롬프라자)",031 967-8567
영풍한의원,"경기도 고양시 덕양구 혜음로 30, 2층 (고양동, 삼성아파트상가)",031-962-1075
임마누엘피부과의원,"경기도 고양시 덕양구 중앙로 554, 4층 405,406호 (행신동, 희성프라자)",031 973-7711
토당한의원,"경기도 고양시 덕양구 행당로 2, 302호 (토당동, 가남프라자)",031-973-3001
임스내과의원,"경기도 고양시 덕양구 통일로 760, 301호 (관산동, 더퍼스트프라임상가)",031 969-3858
능곡서울치과의원,"경기도 고양시 덕양구 행당로 2, 301호 (토당동, 가남프라자)",031-972-2875
프라임치과의원,"경기도 고양시 덕양구 호국로790번길 10, 리스쇼핑 2층 (성사동)",031-965-2377
제민한의원,"경기도 고양시 덕양구 중앙로 554, 407호 (행신동, 희성프라자)",031-970-1078
하얀나라피부과의원,"경기도 고양시 덕양구 화중로 76, 5층 (화정동, 대감빌딩)",031 972-4333
세란재활의학과의원,"경기도 고양시 덕양구 은빛로 41, 3층 301호 (화정동, 대경프라자)",031 966-7582
예빛안과의원,"경기도 고양시 덕양구 화신로272번길 58, 410,414호 (화정동, 영프라자빌딩)",031 979-6388
키즈스마일치과의원,"경기도 고양시 덕양구 중앙로 554, 307,308호 (행신동, 희성프라자)",031-973-1275
원당경희한의원,"경기도 고양시 덕양구 고양대로1384번길 7-5, 302호,303호 (성사동, 서강프라자)",031-965-0177
밝은빛안과의원,"경기도 고양시 덕양구 중앙로 554, 302,303호 (행신동, 희성프라자)",031 970-1181
행남한의원,"경기도 고양시 덕양구 마상로154번길 2, 2층 (성사동, 윤빌딩)",031-966-2328
삼성메디의원,"경기도 고양시 덕양구 고양대로1384번길 7-5, 403,404,405호 (성사동, 서강프라자)",031 966-8275
석정한의원,"경기도 고양시 덕양구 호국로 797, 202호 일부호, 203호호 (주교동, 대동피렌체)",031-962-9885
채영한의원,"경기도 고양시 덕양구 충경로 48, 3층 (행신동, 진일프라자2차)",031-972-8242
조은이비인후과의원,"경기도 고양시 덕양구 혜음로 38, 201,202호 (고양동)",031 964-7592
열린의원,"경기도 고양시 덕양구 통일로 773, 3층 (관산동)",031 963-3223
동양당한의원,"경기도 고양시 덕양구 토당로 115, 2층 (토당동, 금호프라자)",031-970-1075
화정중앙의원,"경기도 고양시 덕양구 화중로 32-31, 2층 (화정동, 효원빌딩)",031 974-4747
조은치과의원,"경기도 고양시 덕양구 지도로 36, 3층 (토당동, 연일빌딩)",031-979-7528
연세가족사랑의원,"경기도 고양시 덕양구 백양로 71, 202호 (화정동, 삼라마이다스빌)",031 819-7575
송치과의원,"경기도 고양시 덕양구 충장로 14, 302호 (행신동, 글로리아프라자)",031-971-7528
유니온치과의원,"경기도 고양시 덕양구 화정로 53, 406호 (화정동, 새롬프라자)",031-969-4293
미항외과의원,"경기도 고양시 덕양구 화정로 53, 301호 (화정동, 새롬프라자)",031 964-5001
유승주이비인후과의원,"경기도 고양시 덕양구 호국로 778-28, 4층 (성사동, 성산빌딩)",031 965-5017
참빛한의원,"경기도 고양시 덕양구 화신로 102, 햇빛마을24단지 202, 205호 (행신동)",031-938-7575
필립비뇨기과의원,"경기도 고양시 덕양구 화정로 53-1, 304호 (화정동, 글로리아빌딩)",031 965-3775
미래치과의원,"경기도 고양시 덕양구 중앙로 439, 4층 (행신동, 서정프라자)",031-811-2875
경희당한의원,"경기도 고양시 덕양구 화중로 76, 405호 (화정동, 대감빌딩)",031-978-8575
영재소아청소년과의원,"경기도 고양시 덕양구 화중로 76, 404호 (화정동, 대감빌딩)",031 973-8575
항사랑외과의원,"경기도 고양시 덕양구 화중로 76, 503호, 504호 (화정동, 대감빌딩)",031 972-7500
행신산부인과의원,"경기도 고양시 덕양구 충경로 48, 304호 (행신동, 진일프라자2차)",031 970-3005
다인한의원,경기도 고양시 덕양구 화중로 154 (화정동),031-965-9494
화정연세내과의원,"경기도 고양시 덕양구 화정로 47, 315호 (화정동, 동원텔)",031 965-0216
연세신경외과의원,"경기도 고양시 덕양구 화정로 47, 3층 314호 (화정동, 동원텔)",031 965-0216
능곡치과의원,"경기도 고양시 덕양구 지도로 100, 302호 (토당동, 능곡파워프라자)",031-971-2233
오아이치과의원,"경기도 고양시 덕양구 중앙로558번길 13, 능곡 삼성프라자 3층 (행신동)",031-971-2828
선정형외과의원,"경기도 고양시 덕양구 행당로 35 (행신동, 재원빌딩)",031 970-2223
송동호정신건강의학과의원,"경기도 고양시 덕양구 화신로272번길 58, 406호 (화정동, 영프라자빌딩)",031 971-5551
뉴욕모아치과의원,"경기도 고양시 덕양구 무원로 65, 301호 (행신동, 무원마을10단지 서광상가)",031-970-2875
세브란스봄치과의원,"경기도 고양시 덕양구 충장로 140, 305호 (행신동, 썬프라자)",031-971-2275
우리소아청소년과의원,"경기도 고양시 덕양구 용현로 27, 2층 203호 (행신동, 행신프라자)",031 972-1352
김은실한재희소아과의원,"경기도 고양시 덕양구 충장로152번길 47 (행신동, 햇빛마을20단지상가)",031 979-2238
동문연세소아과의원,"경기도 고양시 덕양구 화정로 47, 3층 303호 (화정동, 동원텔)",031 812-3651
한국정형외과의원,"경기도 고양시 덕양구 충경로 38, 3층 301,302,305,306호 (행신동, 진일프라자)",031 938-7582
한사랑가정의학과의원,"경기도 고양시 덕양구 원당로125번길 5, 201호 (주교동, 용산빌딩)",031 969-6961
혜민한의원,"경기도 고양시 덕양구 화중로 126, 2층 (화정동, 찬우물상가)",031-969-8575
제일항도외과의원,"경기도 고양시 덕양구 충장로 134, 3층 308호 (행신동, 아이프라자)",031 979-7586
우리가정의학과의원,"경기도 고양시 덕양구 화신로260번길 57 (화정동, 요진타워빌딩 304호)",031 938-3911
행신치과의원,"경기도 고양시 덕양구 충장로 118-27, 2층 (행신동, 구암프라자)",031-978-5737
코모키이비인후과의원,"경기도 고양시 덕양구 화정로 47, 308호 (화정동, 동원텔)",031 969-7582
윤제우한의원,"경기도 고양시 덕양구 화중로 100, 207호 (화정동, 비젼타워21)",031-964-8275
가온경희한의원,"경기도 고양시 덕양구 화신로272번길 67, 4층 (화정동, 장군빌딩)",031-979-0123
고려한의원,"경기도 고양시 덕양구 무원로 65, 205호 (행신동, 서광상가)",031-972-0601
함께하는치과의원,"경기도 고양시 덕양구 화신로272번길 67, 4층 (화정동, 장군빌딩)",031-979-2870
예지한의원,"경기도 고양시 덕양구 화정로 47, 305호 (화정동, 동원텔)",031-968-6001
열린정형외과의원,"경기도 고양시 덕양구 화중로 54, 서일빌딩 2층 (화정동)",031-973-7575
햇살정신과의원,"경기도 고양시 덕양구 충장로 134, 7층 (행신동, 아이프라자)",031 978-6688
성모정형외과의원,"경기도 고양시 덕양구 충장로 134, 3층 307호 (행신동, 아이프라자)",031 970-5500
능곡명치과의원,"경기도 고양시 덕양구 토당로 115, 224,225,226호 (토당동, 금호프라자)",031-970-2828
화정서울치과의원,"경기도 고양시 덕양구 화중로 60, 3층 305호 (화정동, 화정빌딩)",031-979-2000
고양연세소아과의원,경기도 고양시 덕양구 혜음로 29-1 (고양동),031 964-7534
중앙내과의원,경기도 고양시 덕양구 호국로789번길 6 (주교동),031 964-7588
제일한의원,경기도 고양시 덕양구 행신로 153 (행신동),031-973-6300
리더스치과의원,"경기도 고양시 덕양구 혜음로 34, 2층 (고양동)",031-963-2828
광해당한의원,"경기도 고양시 덕양구 충경로 38, 307호 (행신동, 진일프라자)",031-972-2591
강재활의학과의원,"경기도 고양시 덕양구 화신로272번길 58, 407호 (화정동, 영프라자빌딩)",031 978-2292
보람의원,경기도 고양시 덕양구 삼송로 183 (삼송동),02-381-3527
호산정형외과의원,"경기도 고양시 덕양구 지도로 27 (토당동, 대원빌딩)",031 973-0126
연세김치과의원,"경기도 고양시 덕양구 중앙로558번길 16-16, 3층 4호 (행신동, 능곡프라자)",031-979-9725
애담산부인과소아청소년과의원,"경기도 고양시 덕양구 행신로 268, 애담메디칼타워 2~3층 (행신동)",031-938-3001
산호한의원,"경기도 고양시 덕양구 중앙로 548, 404,405호 (행신동, 현대프라자)",031-973-7001
홍내과의원,"경기도 고양시 덕양구 중앙로 548, 306호 (행신동, 현대프라자)",031 979-7000
예도치과의원,"경기도 고양시 덕양구 중앙로 548, 403호 (행신동, 현대프라자)",031-973-3373
조양현산부인과의원,"경기도 고양시 덕양구 화신로272번길 58, 408호 (화정동, 영프라자)",031 971-5501
한신치과의원,"경기도 고양시 덕양구 화신로272번길 58, 401호 (화정동, 영프라자)",031-979-8275
장치과의원,"경기도 고양시 덕양구 충장로152번길 47, 201호 (행신동, 상가동)",031-979-2833
한빛내과의원,"경기도 고양시 덕양구 중앙로 550, 302, 401호 (행신동, 삼일프라자)",031 979-7533
세브란스박치과의원,"경기도 고양시 덕양구 화정로 47, 3층 (화정동, 동원텔빌딩)",031-967-7244
치아사랑치과의원,"경기도 고양시 덕양구 중앙로 550, 501호 (행신동, 삼일프라자)",031-978-2275
부부한의원,"경기도 고양시 덕양구 고양대로 1359-24, 1,3층 (성사동)",031-964-5021
바롬의원,"경기도 고양시 덕양구 중앙로 550, 503호 (행신동, 삼일빌딩)",031 978-7267
능곡연세의원,"경기도 고양시 덕양구 충장로152번길 59 (행신동, 능곡중앙교육센타)",031 979-4384
화정부부치과의원,"경기도 고양시 덕양구 백양로 47, 303호 (화정동, 상록빌딩)",031-970-7528
서울이비인후과의원,"경기도 고양시 덕양구 화신로272번길 67, 601호 (화정동, 장군빌딩)",031 978-9275
아름다운피부과의원,"경기도 고양시 덕양구 화신로272번길 58, 영프라자빌딩 404호 (화정동)",031 979-6061
신한안과의원,"경기도 고양시 덕양구 화신로260번길 57 (화정동, 요진타워)",031 979-2863
평화한의원,"경기도 고양시 덕양구 혜음로 45, 3층 (고양동, 메디칼센타)",031-963-7006
삼대손한의원,"경기도 고양시 덕양구 화중로 98, 307호 (화정동, 광성프라자)",031-968-3301
행신연세가정의학과의원,경기도 고양시 덕양구 무원로54번길 62 (행신동),031 979-7200
강혜승산부인과의원,"경기도 고양시 덕양구 화신로260번길 57 (화정동, 요진타워 307,308호)",031 972-2255
우정치과의원,"경기도 고양시 덕양구 화정로 69, 205호 (화정동, 꿈에그린)",031-962-6282
로덴하나치과의원,"경기도 고양시 덕양구 화신로260번길 57, 3층 (화정동, 요진타워빌딩)",031-978-7528
가람수치과의원,"경기도 고양시 덕양구 중앙로558번길 16-6 (행신동, 신일빌딩)",031-979-2875
동보한의원,경기도 고양시 덕양구 중앙로 478 (행신동),031-979-5858
장.윤치과의원,경기도 고양시 덕양구 토당로 54 (토당동),031-979-2700
동의한의원,"경기도 고양시 덕양구 화신로 278, 303호 (화정동, 세일빌딩)",031-973-1010
이승희한건수의원,"경기도 고양시 덕양구 화중로 220, 201,202,203호 (화정동, 달빛마을 부영상가)",031 968-0971
화정연세치과의원,"경기도 고양시 덕양구 화중로 220 (화정동, 우영2빌딩)",031-967-3692
혜성치과의원,경기도 고양시 덕양구 화신로 278 (화정동),031-972-8275
유내과의원,"경기도 고양시 덕양구 화정로 53, 405호 (화정동, 새롬프라자 5차)",031 966-5040
서울중앙의원,"경기도 고양시 덕양구 화중로 220, 202호 (화정동, 진덕상가)",031 967-4327
성동치과의원,경기도 고양시 덕양구 통일로 797 (관산동),031-963-5643
황성진성형외과의원,"경기도 고양시 덕양구 화정로 53, 새롬프라자 503호 (화정동)",031 964-0064
화정성모안과의원,"경기도 고양시 덕양구 화정로 53, 4층 (화정동, 새롬프라자)",031 967-8520
필치과의원,"경기도 고양시 덕양구 화중로104번길 28, 905호 (화정동, 시네마플러스)",031-963-2818
청아치과의원,"경기도 고양시 덕양구 화중로 217, 203호 (화정동, 달빛마을1단지 진덕상가 )",031-966-5206
이종수이비인후과의원,"경기도 고양시 덕양구 화정로 53, 402호 (화정동, 새롬프라자5차)",031 965-5550
한병상이비인후과의원,"경기도 고양시 덕양구 용현로 27, 201,202호 (행신동)",031 974-2794
서울신경외과의원,"경기도 고양시 덕양구 혜음로 34, 3층 (고양동, 경덕빌딩)",031 962-9875
윤내과의원,"경기도 고양시 덕양구 행신로 151, 3층 (행신동, 양일빌딩)",031 974-2273
연세가정의원,경기도 고양시 덕양구 은빛로29번길 28 (화정동),031 965-4268
세호치과의원,경기도 고양시 덕양구 행신로 151 (행신동),031-974-9723
세란가정의원,"경기도 고양시 덕양구 충경로 96, 301호 (행신동, 소만빌딩)",031 972-0543
코스메디의원,"경기도 고양시 덕양구 무원로 63, 306호 (행신동, 서광라이프상가)",031 972-6525
조재식내과의원,경기도 고양시 덕양구 화신로 278 (화정동),031 972-7575
예인치과의원,"경기도 고양시 덕양구 화중로 177, 205호 (화정동, 은빛마을미도파상가)",031-966-2241
원당영상의학과의원,경기도 고양시 덕양구 호국로 774 (성사동),031 966-6334
두리치과의원,"경기도 고양시 덕양구 호국로 798 (성사동, 삼성홈타워)",031-966-1124
아이엘소아청소년과의원,"경기도 고양시 덕양구 화중로 50, 반석프라자 3층 302호 (화정동)",031 971-3020
곽성연치과의원,"경기도 고양시 덕양구 혜음로 29-1, 3층 (고양동)",031-964-2875
백치과의원,경기도 고양시 덕양구 행신로 266 (행신동),031-973-2875
정상득이비인후과의원,"경기도 고양시 덕양구 무원로 65, 상가동 1층 111, 112, 113호 (행신동, 무원마을10단지)",031 970-7768
서울부부치과의원,경기도 고양시 덕양구 고양대로 1387 (성사동),031-966-2471
조중근정신과의원,"경기도 고양시 덕양구 호국로 792 (성사동, 천일빌딩)",031 966-9500
권안과의원,"경기도 고양시 덕양구 무원로 63, 305호 (행신동, 무원마을상가)",031 970-3003
행신의원,경기도 고양시 덕양구 중앙로 466 (행신동),031 970-6438
신원당웰치과의원,"경기도 고양시 덕양구 고양대로1384번길 7-5, 401호 (성사동, 서강프라자)",031-967-0470
한솔치과의원,경기도 고양시 덕양구 혜음로 44 (고양동),031-962-2892
유지호비뇨기과의원,"경기도 고양시 덕양구 호국로790번길 17, 407호 (성사동, 영프라자)",031 965-5557
혜인치과의원,"경기도 고양시 덕양구 통일로 773 (관산동, 2F)",031-963-2433
연세신일의원,"경기도 고양시 덕양구 호국로 788, 2층 (성사동)",031 966-0206
서울연합의원,경기도 고양시 덕양구 통일로 784 (관산동),031 962-3280
능곡성모의원,"경기도 고양시 덕양구 행당로 2, 가남프라자 201,202호 (토당동)",031 974-8268
조명득의원,경기도 고양시 덕양구 용현로53번길 49 (행신동),031 970-3838
세란내과의원,경기도 고양시 덕양구 호국로790번길 42-2 (성사동),031 963-2683
김상철치과의원,"경기도 고양시 덕양구 용현로 27, 204호 (행신동, 행신프라자)",031-972-0479
서울내과의원,경기도 고양시 덕양구 지도로 47 (토당동),031 972-6300
삼보한의원,"경기도 고양시 덕양구 호국로742번길 53, 2층 (성사동, 삼보상가)",031-967-0120
중앙의원,경기도 고양시 덕양구 통일로 795 (관산동),031 964-6111
원당한의원,경기도 고양시 덕양구 호국로790번길 10 (성사동),031-962-5170
감초한의원,"경기도 고양시 덕양구 중앙로 559, 3층 (행신동, 그랑프리빌딩)",031-970-0284
우일치과의원,"경기도 고양시 덕양구 원당로125번길 21, 2층 (주교동, 우일상가)",031-965-7649
성동한의원,경기도 고양시 덕양구 통일로 793 (관산동),031-964-0888
최병문피부과의원,경기도 고양시 덕양구 호국로 787 (주교동),031 965-5800
경희한의원,"경기도 고양시 덕양구 화중로 220, 206호 (화정동, 달빛마을 라이프상가)",031-967-2723
안기동치과의원,"경기도 고양시 덕양구 통일로 775, 4층 (관산동)",031-963-2876
라인의원,경기도 고양시 덕양구 중앙로 639 (토당동),031 974-9700
박내과의원,"경기도 고양시 덕양구 토당로 115, 212호 (토당동, 금호프라자)",031 972-2111
권형건치과의원,"경기도 고양시 덕양구 호국로790번길 17, 405호 (성사동, 영프라자)",031-965-2875
신생당한의원,경기도 고양시 덕양구 고골길 117-6 (관산동),031-962-8276
홍은기치과의원,"경기도 고양시 덕양구 화중로 126, 302호 (화정동)",031-974-9221
서울안과의원,경기도 고양시 덕양구 호국로 792 (성사동),031 964-6424
능곡한의원,경기도 고양시 덕양구 능곡로 3 (토당동),031-974-3212
서이비인후과의원,"경기도 고양시 덕양구 호국로790번길 17, 407호 (성사동, 영프라자)",031 962-0920
서재석치과의원,경기도 고양시 덕양구 호국로 792 (성사동),031-964-4408
심욱섭소아과의원,"경기도 고양시 덕양구 마상로154번길 68, 2층 (성사동)",031 963-1823
김치과의원,"경기도 고양시 덕양구 호국로 787, 402호 (주교동)",031-963-1280
활기찬병원,"경기도 고양시 덕양구 화중로 50, 4,5,6층 (화정동)",
라엘마음병원,"경기도 고양시 덕양구 중앙로 628, 예일프라자 7층 6층(607,608)호 (화정동)",031-978-5454
의료법인상록의료재단화정병원,"경기도 고양시 덕양구 서정마을로 5, 301,4,5,6층 (행신동, 행신프라자)",031-979-7572
새찬요양병원,경기도 고양시 덕양구 토당로67번길 2 (토당동),031-979-2119
효그린요양병원,"경기도 고양시 덕양구 중앙로 478, 3,4층 (행신동, 미원프라자)",031-979-0808
강북성심요양병원,경기도 고양시 덕양구 중앙로557번길 7-14 (행신동),031 978 1122
의료법인에덴재단행복한요양병원,경기도 고양시 덕양구 내유길 146-19 (내유동),031 963 5600
로하스클로버요양병원,경기도 고양시 덕양구  호국로  804 (성사동),031-967-5050
의료법인한영의료재단삼성요양병원,경기도 고양시 덕양구 지도로 100 (토당동),031 972 5678
서울메이치과병원,"경기도 고양시 덕양구 화신로260번길 66, 7층 (화정동, 한빛하이죤)",031-973-6004
늘푸른병원,경기도 고양시 덕양구 원당로 139 (주교동),031 967 9966
의료법인자인의료재단자인메디병원,"경기도 고양시 덕양구 중앙로 555, 지하1,1-10층 (행신동)",031-930-3114
린치과병원,"경기도 고양시 덕양구 화중로 76, 201호 (화정동, 대감빌딩)",031-974-2828
원당연세병원,경기도 고양시 덕양구 고양대로 1359 (성사동),
고양정신병원,경기도 고양시 덕양구 통일로1102번길 46 (내유동),031 969 0885
국군고양병원,경기도 고양시 덕양구 혜음로 215 (벽제동),031-963-6657
의료법인명지의료재단명지병원,경기도 고양시 덕양구 화수로14번길 55 (화정동),031 810 5114
백년한의원,"경기도 고양시 일산동구 위시티2로11번길 45, 2층 206-1호 (식사동, 위시티일산자이 주상복합)",031-965-1095
일산남다른마취통증의학과의원,"경기도 고양시 일산동구 중앙로 1195, 로스텔 202~204호 (장항동)",031-901-8275
일산마두정형외과의원,"경기도 고양시 일산동구 중앙로 1182, 올림픽스포츠센터 2층 202호 (마두동)",031-907-1119
스카이비뇨의학과의원,"경기도 고양시 일산동구 숲속마을1로 73, 신성메디칼 타운 601호 (풍동)",031-831-7582
이재한의원,"경기도 고양시 일산동구 강송로 119, 용신코아 3층 302호 (백석동)",031-903-0099
마음미소정신건강의학과의원,"경기도 고양시 일산동구 정발산로 38, 장항동이스턴시티 207호 (장항동)",031-932-7711
미래마취통증의학과의원,"경기도 고양시 일산동구 고봉로 266, 5층 (중산동)",031-994-3250
열린부부한의원,"경기도 고양시 일산동구 중산로 244, 고은프라자 3층 301호 (중산동)",031-977-8770
정발산튼튼척의원,"경기도 고양시 일산동구 정발산로 38, 장항동이스턴시티 208호 일부, 408호 (장항동)",031-902-4758
이시은한의원,"경기도 고양시 일산동구 일산로 240, 백마프라자 3층 (마두동)",031-901-8577
백석정형외과의원,"경기도 고양시 일산동구 중앙로 1054, 3층 (백석동)",031-906-1010
예쁨주의쁨성형외과의원,"경기도 고양시 일산동구 정발산로 31-21, 맥클린21 5층 (장항동)",031-915-3225
기특한한의원,"경기도 고양시 일산동구 중앙로 1048, 일산르메이에르프라자 5층 519,520호 (백석동)",031-932-2600
성모이십오의원,"경기도 고양시 일산동구 중앙로1275번길 60-14, 고일프라자 303~305호 (장항동)",031-904-3365
허영호치과의원,"경기도 고양시 일산동구 장백로 206, 이지로빌딩 9층 (장항동)",031-932-1199
메이드유의원,"경기도 고양시 일산동구 정발산로 43-20, 센트럴프라자 410,411호 (장항동)",031-904-9555
상비한의원,"경기도 고양시 일산동구 일산로 442, 신일프라자 2층 (정발산동)",031-914-3365
더봄의원,"경기도 고양시 일산동구 정발산로 27, 진원프라자 501,502 호 (장항동)",031-906-7688
샤인빔의원,"경기도 고양시 일산동구 정발산로 31-9, 레이크프라자 505~508호 (장항동)",1644-3978
최병진한의원,"경기도 고양시 일산동구 중앙로 1182, 올림픽스포츠센터 2층 205 호 (마두동)",
메디서울이비인후과의원,"경기도 고양시 일산동구 중앙로 1036, 베스트 고양터미널 터미널동 3층 304~305호 (백석동)",031-936-7575
로앤산부인과의원,"경기도 고양시 일산동구 정발산로 38, 장항동이스턴시티 2층 208호 (장항동)",031-905-2222
오킴스오성형외과의원,"경기도 고양시 일산동구 중앙로1261번길 55, 5 층 (장항동)",031-906-8222
기쁜하루치과의원,"경기도 고양시 일산동구 중앙로 1059, 2층 일부호 (백석동, ISD빌딩)",031-908-2875
밝은미소정신건강의학과의원,"경기도 고양시 일산동구 중앙로 1202, 4층 일부호 (마두동, 우리은행일산지점)",031-902-0068
에스의원,"경기도 고양시 일산동구 숲속마을1로 71, 샘터17 6층 604~605호 (풍동)",031-924-6177
바른이바른얼굴 치과교정과치과의원,"경기도 고양시 일산동구 정발산로 31-17, 402호 (장항동, 킹타운빌딩)",031-909-0015
이(e)-하나로치과의원,"경기도 고양시 일산동구 공릉천로 30, 2층 (사리현동, 경하빌딩)",031-968-2875
바른시선한의원,"경기도 고양시 일산동구 중앙로 1036, 베스트 고양터미널 F6-01(일부호),F3-01(일부호)호 (백석동)",031-818-1575
위시티 성모윌내과의원,"경기도 고양시 일산동구 위시티2로11번길 31, 305-1, 306호 (식사동, 스타타워)",031-963-8808
쿨맨남성의원,"경기도 고양시 일산동구 일산로 46, 406호 (백석동, 남정씨티프라자)",031-932-7932
연세모벨르의원,"경기도 고양시 일산동구 정발산로 47, 302호 (장항동, 웅신아트)",031-905-0580
베일러선치과의원,"경기도 고양시 일산동구 일산로 86, (재)한국중독연구재단 6층 (백석동)",031-932-2777
화이트드림치과의원,"경기도 고양시 일산동구 정발산로 24, 302~304호 (장항동, 웨스턴돔2)",031-811-2879
닥터쁘띠의원,"경기도 고양시 일산동구 중앙로1261번길 61, 401호 (장항동, 메트로골드)",031-994-1753~5
숲속부부한의원,"경기도 고양시 일산동구 숲속마을1로 77, 401호 (풍동, 그린메디피아)",031-932-1075
포시즌한의원,"경기도 고양시 일산동구 숲속마을1로 71, 503호 (풍동, 샘터17)",031-909-1070
한경숙내과의원,"경기도 고양시 일산동구 중앙로 1036, 3층 일부호 (백석동, 베스트 고양터미널)",031-811-2017
민트산부인과의원,"경기도 고양시 일산동구 정발산로 47, 303호 (장항동, 웅신아트)",031-932-5525
상쾌한아침한의원,"경기도 고양시 일산동구 백마로 195, 2115,2138호 (장항동, 에스케이엠시티오피스텔)",031-931-8123
삼성리뉴웰의원,"경기도 고양시 일산동구 위시티2로 13, 301호 (식사동)",031-976-2959
코넬비뇨기과의원,"경기도 고양시 일산동구 정발산로 43-20, 408~409호 (장항동, 센트럴프라자)",031-907-7085
서원구마취통증의학과의원,"경기도 고양시 일산동구 숲속마을1로 76, 504호 (풍동, 힘찬프라자)",031-907-1975
성산한의원,"경기도 고양시 일산동구 고양대로 739, 주은프라자 305호 (중산동)",031-977-0075
오공오공스타피부과의원,"경기도 고양시 일산동구 위시티2로11번길 31, 3층 (식사동, 스타타워)",031-962-5350
지키미한의원,"경기도 고양시 일산동구 중앙로 1192, 301,302호 (마두동, 월드프라자)",031-909-1000
연세삼육오매일의원,"경기도 고양시 일산동구 성석로 30, 2층 (중산동)",031-977-3657
아름다운브이라인라페치과의원,"경기도 고양시 일산동구 중앙로1275번길 38-5 (장항동, 이레21빌딩)",031-902-2200
일산연세비뇨기과의원,"경기도 고양시 일산동구 강석로 113, 2층 (마두동, 일산농협마두역지점)",031-927-9276
다정한한의원,"경기도 고양시 일산동구 중앙로 1200, 10층 1001호 (마두동, 삼희골드프라자)",031-908-7580
일산바로선의원,"경기도 고양시 일산동구 무궁화로 32-21, 9층 901~4호 (장항동, 메탈릭타워)",031-904-7582
연세복음치과의원,"경기도 고양시 일산동구 고양대로 754 (중산동, 2층전체)",031-914-2279
연세자이치과의원,"경기도 고양시 일산동구 위시티2로11번길 45, 301호 (식사동, 위시티일산자이 주상복합)",031-818-7003
송영득엔도내과의원,"경기도 고양시 일산동구 중앙로 1080, 301호 (백석동, 남정골드프라자)",031-907-6605
고양복지의료소비자생활협동조합꽃보다아름다운의원,"경기도 고양시 일산동구 고봉로 278, 2~3층 (중산동, 성창빌딩)",
다편한마취통증의학과의원,"경기도 고양시 일산동구 중앙로 1181, 803,903호 (장항동, 교보생명 일산사옥)",031-902-5275
뮤즈의원,"경기도 고양시 일산동구 중앙로1261번길 55, 402호 (장항동, 효산캐슬)",031-901-2994
위시티정형외과의원,"경기도 고양시 일산동구 위시티2로11번길 31, 304호 (식사동, 스타타워)",031-963-1400
타임치과의원,"경기도 고양시 일산동구 숲속마을로 26, 4층 401호 (풍동, 풍동프라자)",031-906-2875
리샘한의원,"경기도 고양시 일산동구 정발산로 43-20, 310호 (장항동, 센트럴프라자)",031-903-1352
생기한의원,"경기도 고양시 일산동구 중앙로 1181, 10층 (장항동, 교보빌딩)",031-905-4275
하니소아청소년과의원,"경기도 고양시 일산동구 숲속마을로 40, 3층 (풍동, 유진프라자)",031-908-7850
꿈이있는치과의원,"경기도 고양시 일산동구 정발산로 43-20, 5층 505호 (장항동, 센트럴프라자 )",031-932-8383~4
프리허그한의원,"경기도 고양시 일산동구 중앙로1261번길 77, 701호 (장항동, 한신메트로폴리스)",031-932-8269
연세윤치과의원,"경기도 고양시 일산동구 정발산로 43-20, 5층 501호 (장항동, 센트럴프라자)",031-932-2875
약수한의원,"경기도 고양시 일산동구 무궁화로 42-28, 7층 (장항동, 일산프라자)",031)904-6767
더드림의원,"경기도 고양시 일산동구 정발산로 33, 402~4호 (장항동, 낙원프라자)",031-904-7365
해맑은신경외과의원,"경기도 고양시 일산동구 중앙로 1172, 303~306호,308호,314호 (마두동, 그랜드프라자)",031-905-9119
스무살의원,"경기도 고양시 일산동구 정발산로 24, A-403호 (장항동, 웨스턴돔)",031-932-9737
포에버의원,"경기도 고양시 일산동구 정발산로 38, 401~2호 (장항동, 이스턴시티)",031-905-8352
서울자연이치과의원,"경기도 고양시 일산동구 일산로 229, 2층 (마두동, 글로리코아)",031-811-2888
더휴정신건강의학과의원,"경기도 고양시 일산동구 고양대로 757, 3층 (중산동)",031-975-5285
삼성베스트의원,"경기도 고양시 일산동구 무궁화로 237, 4층 (중산동, 이마트풍산점)",031-977-9077
고운결한의원,"경기도 고양시 일산동구 중앙로 1190, 602호 (마두동, 서울타워)",031-903-7533
미플란트치과의원,"경기도 고양시 일산동구 무궁화로 237, 4층 (중산동, 이마트풍산점)",031-977-2879
새봄외과의원,"경기도 고양시 일산동구 정발산로 38, 장항동이스턴시티 307-1, 308호 (장항동)",031-901-7777
동안한의원,"경기도 고양시 일산동구 일산로 142, 225호 (백석동, 유니테크빌 )",031-903-1091
미앤미의원,"경기도 고양시 일산동구 정발산로 43-20, 8층 (장항동, 센트럴프라자)",031-932-8892
케이톡스의원,"경기도 고양시 일산동구 정발산로 23, 502호 (장항동, 호수빌딩)",031-906-5555
삼성드림이비인후과의원,"경기도 고양시 일산동구 정발산로 33 (장항동, 낙원프라자 4층)",031-904-1365
이튼치과의원,"경기도 고양시 일산동구 고봉로 20-5 (장항동, 포오스프라자 2차 303, 304호)",031-924-7528
박종식한의원,"경기도 고양시 일산동구 일산로 456 (정발산동, 낙민상가 301호)",031-912-1075
숲속소아청소년과의원,"경기도 고양시 일산동구 숲속마을1로 73 (풍동, 신성메디칼타운 5층)",031-905-0905
치아나라치과의원,"경기도 고양시 일산동구 숲속마을로 42 (풍동, 에이스타워 3층)",031-905-2845
우리들의원,경기도 고양시 일산동구 강송로 179 (마두동),031-906-7833
센트럴성형외과의원,경기도 고양시 일산동구 정발산로 43-20 (장항동),
진내과의원,경기도 고양시 일산동구 위시티로 81 (식사동),031965-5995
위시티웰치과의원,경기도 고양시 일산동구 위시티로 67 (식사동),031-965-2275
치유나무정신건강의학과의원,"경기도 고양시 일산동구 정발산로 43-20, 307호 (장항동, 센트럴프라자)",031-903-0123
숨길을열다한의원,"경기도 고양시 일산동구 무궁화로 20-38, 3층 322호 (장항동, 로데오탑)",
옐로우의원,"경기도 고양시 일산동구 정발산로 43-20, 506.507호 (장항동, 센트럴프라자)",031-907-6111
즐거운치과의원,"경기도 고양시 일산동구 중앙로1275번길 38-15, 삼희포시즌프라자 5층 501호 (장항동)",031-906-2885
발머스한의원,경기도 고양시 일산동구 중앙로1261번길 55 (장항동),031-904-7020
보아스이비인후과의원,경기도 고양시 일산동구 일산로 211 (마두동),031-901-1227
수한의원,경기도 고양시 일산동구 일산로 214 (마두동),
밝은김안과의원,"경기도 고양시 일산동구 숲속마을1로 73, 502호 (풍동, 신성메디칼 타운)",031-907-1002
하하치과의원,경기도 고양시 일산동구 중앙로 1072 (백석동),031-921-4449
연세예스치과의원,경기도 고양시 일산동구 호수로 358-25 (백석동),031-908-5275
루비한의원,"경기도 고양시 일산동구 정발산로 47, 207호 (장항동, 웅신아트)",
아비쥬의원,"경기도 고양시 일산동구 정발산로 15, 드림월드빌딩 301~304, 312~313호 (장항동)",1544-0377
위존한의원,"경기도 고양시 일산동구 중앙로 1322, 일산현대아이스페이스 2층 217~218호 (정발산동)",031-816-7575
일산앞선치과의원,경기도 고양시 일산동구 일산로 46 (백석동),031-902-8275
원광한의원,경기도 고양시 일산동구 일산로380번길 11 (정발산동),
맨남성의원,"경기도 고양시 일산동구 중앙로 1192, 901호 (마두동)",031-904-1999
미소가인피부과의원,"경기도 고양시 일산동구 중앙로 1190, 301~304호 (마두동, 서울타워)",
열린성모이비인후과의원,"경기도 고양시 일산동구 위시티4로 46 (식사동, 위시티일산자이2단지아파트 상가 301호)",031-963-0045
이든한의원,"경기도 고양시 일산동구 백마로 195, 2층 (장항동, 에스케이엠시티오피스)",02-2264-8822
위시티소아청소년과의원,"경기도 고양시 일산동구 위시티4로 80 (식사동, 위시티일산자이1단지아파트, 202호일부,203호)",031-967-9958
예스뉴욕치과의원,"경기도 고양시 일산동구 위시티4로 46 (식사동, 위시티일산자이2단지아파트)",031-962-1591
연세청담항외과의원,"경기도 고양시 일산동구 중앙로 1193, 3층 (장항동, 마두법조빌딩)",031-903-3232
연세봄내과의원,"경기도 고양시 일산동구 위시티4로 46, 3층 303A,304,306호 (식사동, 위시티일산자이2단지아파트)",031-969-5678
신기율한의원,"경기도 고양시 일산동구 숲속마을로 38, 아크리아 302호 (풍동)",031-907-1001
향지한의원,"경기도 고양시 일산동구 위시티로 81 (식사동, 풍산트윈시티 2 201호)",070-4176-3969
백제현경희한의원,"경기도 고양시 일산동구 위시티4로 46 (식사동, 위시티일산자이2단지아파트 상가 308호)",
서울더블유치과의원,"경기도 고양시 일산동구 위시티로 81 (식사동, 풍산트윈시티 2 207호)",031-962-2060
서울강플란트치과의원,"경기도 고양시 일산동구 정발산로 47 (장항동, 웅신아트프라자 201호)",031-932-7528
경희대성한의원,"경기도 고양시 일산동구 무궁화로 106 (정발산동, 새마을회관 1층)",
바른몸한의원,"경기도 고양시 일산동구 중앙로 1194 (마두동, 금강프라자 206~208호)",031-907-1075
아름내과의원,"경기도 고양시 일산동구 숲속마을로 48 (풍동,신성프라자 303호)",031-903-1175
웰빙치과의원,"경기도 고양시 일산동구 일산로 207 (마두동,현대쇼핑상가202호)",031-908-2877
경희솔한의원,"경기도 고양시 일산동구 일산로 243, 도헌프라자 3층 (마두동)",031-903-7510
위시티연세치과의원,"경기도 고양시 일산동구 위시티2로11번길 31 (식사동, 스타타워 301호, 302-1호)",
라마르의원,"경기도 고양시 일산동구 정발산로 47 (장항동,웅신아트 501호)",031-902-8575
일산스타28치과의원,"경기도 고양시 일산동구 무궁화로 32-12 (장항동,라페스타E동 501호)",031-932-2814
진외과의원,"경기도 고양시 일산동구 중앙로 1172 (마두동, 그랜드프라자 411호 일부)",031-901-3984
지엘한의원,"경기도 고양시 일산동구 장백로 86, 203호 (백석동, 한경빌딩)",031-903-0690
장항중앙의원,"경기도 고양시 일산동구 장항로 293, 1층 (장항동)",031-905-8286
연세닥터스치과의원,"경기도 고양시 일산동구 대산로 28 (정발산동,정석코아 201호)",031-924-0506
연세튼튼소아청소년과의원,"경기도 고양시 일산동구 중앙로 1130 (마두동,강촌마을상가동A 2층 9호, 10호일부)",031-906-8575
연세드림재활의학과의원,"경기도 고양시 일산동구 숲속마을로 22 (풍동,진넥스블루오션 301)",031-932-9090
리더스미의원,"경기도 고양시 일산동구 무궁화로 32-12 (장항동,외3필지 라페스타E동 501호)",031-907-5400
일산서울한의원,"경기도 고양시 일산동구 일산로 46 (백석동,남정씨티프라자 408호)",031-902-5583
산타클로스의원,"경기도 고양시 일산동구 중앙로1261번길 55 (장항동,효산캐슬 303호,304호)",031-905-7591
일산하이치과의원,"경기도 고양시 일산동구 일산로 243 (마두동,주영빌딩 2층 201호)",
더바른치과의원,"경기도 고양시 일산동구 일산로 197 (마두동, 3002호)",031-904-2752
나봄가정의학과의원,"경기도 고양시 일산동구 정발산로 15 (장항동, 드림월드빌딩 202호, 203호)",031-901-9909
일산수외과의원,"경기도 고양시 일산동구 중앙로 1080 (백석동,남정골드프라자 201호)",031-901-5397
하은이비인후과의원,"경기도 고양시 일산동구 장백로 56 (백석동,크리스탈빌딩 204호)",031-901-0035
연세키즈소아청소년과의원,"경기도 고양시 일산동구 일산로 198 (마두동,외 1필지 주화빌딩 201호)",
일산왕플란트치과의원,"경기도 고양시 일산동구 중앙로 1193, 10층 (장항동)",031-904-0428
랩케어진단검사의학과의원,"경기도 고양시 일산동구 일산로 138, 일산테크노타운 부대동 302-1, 302-2, 304일부호 (백석동)",070-8277-6940
두리이비인후과의원,"경기도 고양시 일산동구 고양대로 739 (중산동,외1필지 201, 202호, 203호일부)",031-975-8822
마두경희한의원,"경기도 고양시 일산동구 강석로 115 (마두동,장항빌딩203호.204호)",031-901-3222
서울수치과의원,경기도 고양시 일산동구 하늘마을1로 2 (중산동),031-976-7520
동원당한의원,"경기도 고양시 일산동구 하늘마을1로 2, 406호 (중산동,풍산프라자)",031-976-8272
일산효성내과의원,"경기도 고양시 일산동구 하늘마을1로 2, 풍산프라자 2층 207호 (중산동)",031-976-7525
닥터포유일산의원,"경기도 고양시 일산동구 중앙로 1047 (백석동, 영림브레아오피스텔 303호)",031-904-2220
아름다운의원,"경기도 고양시 일산동구 중앙로1275번길 60-30 (장항동,일산라페스타 B 302,303호)",031-901-3375
하늘소아청소년과의원,"경기도 고양시 일산동구 중산로 105 (중산동, 현해프라자 303호)",031-977-1822
예스의원,"경기도 고양시 일산동구 숲속마을1로 76 (풍동, 힘찬프라자 302호)",031-906-2901
베네치아치과의원,"경기도 고양시 일산동구 중앙로 1202 (마두동, 우리은행 5층)",031-906-7533
일산이비인후과의원,"경기도 고양시 일산동구 무궁화로 39 (장항동, 삼라마이다스 3차 206,209,210호)",031-917-1155
이내과의원,"경기도 고양시 일산동구 숲속마을1로 73, 신성메디칼 타운 202호 (풍동)",031-906-7553
정다운치과의원,"경기도 고양시 일산동구 일산로 211 (마두동, 3층)",031-907-2804
일산린치과의원,"경기도 고양시 일산동구 중앙로 1197 (장항동, 형지 제3빌딩 7층)",031-1644-7728
어담한의원,"경기도 고양시 일산동구 중산로 105 (중산동, 현해프라자 306호)",031-977-0019
본재활의학과의원,"경기도 고양시 일산동구 중앙로 1182 (마두동, 올림픽스포츠센터 지하1층)",031-908-5975
서울가정의학과의원,"경기도 고양시 일산동구 정발산로 38 (장항동, 이스턴시티 306,306-1호)",031-902-1277
서울그린치과의원,"경기도 고양시 일산동구 일산로 208 (마두동, 한일파킹타운 202~204호)",031-905-2835
서울고려한의원,"경기도 고양시 일산동구 일산로 447 (정발산동, 신풍빌딩 201호)",031-915-7661
365엠씨의원,"경기도 고양시 일산동구 정발산로 43-20 (장항동, 센트럴프라자 808~809호)",031-902-3653
연세항정외과의원,"경기도 고양시 일산동구 고봉로 266, 4층 (중산동)",031-976-7175
이지신경외과의원,"경기도 고양시 일산동구 일산로 46 (백석동, 남정시티프라자 3차 308~309호)",031-903-1177
뉴욕치과의원,"경기도 고양시 일산동구 일산로 46 (백석동, 남정시티프라자 3차 303호)",031-901-7528
기풍한의원,"경기도 고양시 일산동구 중앙로 1047, 308호 (백석동, 영림브레아오피스텔)",031-908-6626
웨스턴호치과의원,"경기도 고양시 일산동구 정발산로 24 (장항동, 웨스턴돔 2 B-305,306호)",031-931-5003
푸른맥외과의원,"경기도 고양시 일산동구 정발산로 43-20, 514,516호 (장항동, 센트럴프라자)",031-908-3575
좋은하루치과의원,"경기도 고양시 일산동구 백석로 24 (백석동, 흰돌마을 상가동 304)",031-901-3182
하얀마음한의원,경기도 고양시 일산동구 중산로 250 (중산동),
일산웰치과의원,"경기도 고양시 일산동구 정발산로 38 (장항동, 이스턴시티 303,303-1호)",031-901-2842
서울정도치과의원,"경기도 고양시 일산동구 숲속마을로 48 (풍동,신성프라자502호)",031-908-7711
일산하얀치과의원,"경기도 고양시 일산동구 중앙로 1124, 2층 201호 (백석동, 흰돌마을1단지아파트)",031-905-2875
수여성의원,"경기도 고양시 일산동구 일산로 46 (백석동, 남정시티프라자 3차 305호)",031-905-1010
풍동현대정형외과의원,"경기도 고양시 일산동구 숲속마을1로 71 (풍동, 샘터 17 303~304호)",031-905-9053
연세사랑의치과의원,"경기도 고양시 일산동구 숲속마을로 18 (풍동, 웰빙타운 402호 )",031-906-2279
가로세로한의원,"경기도 고양시 일산동구 정발산로 38 (장항동, 이스턴시티 403호)",031-909-1075
연세엘치과의원,"경기도 고양시 일산동구 숲속마을로 38 (풍동, 아크리아 401호)",031-904-2871
제일정신과의원,경기도 고양시 일산동구 중앙로 1172 (마두동),031-904-8111
풍동가족한의원,"경기도 고양시 일산동구 숲속마을로 42, 202호 (풍동, 에이스타워)",031-905-7523
연세최의겸정신과의원,"경기도 고양시 일산동구 중앙로1275번길 38-10, 220호 (장항동, 우림로데오스위트)",031-904-5575
도담치과의원,"경기도 고양시 일산동구 중앙로 1181 (장항동, 교보생명일산사옥 8층)",031-908-2893
서울마로니에치과의원,"경기도 고양시 일산동구 숲속마을1로 71 (풍동, 샘터 17 402호)",031-907-2987
해맑은한의원,"경기도 고양시 일산동구 탄중로 322 (중산동, 고봉프라자 303~304호)",031-975-7582
동의약손한의원,"경기도 고양시 일산동구 숲속마을로 26, 305호 (풍동, 풍동프라자)",031-902-3500
삶공성욱정신과의원,"경기도 고양시 일산동구 일산로 46 (백석동, 남정시티프라자 401,402-1,412,413,414호)",031-904-5701
지오한의원,"경기도 고양시 일산동구 위시티2로 23, 201호 (식사동, 지오빌딩)",031-902-9222
문혜경산부인과의원,"경기도 고양시 일산동구 숲속마을1로 73, 402호 (풍동, 신성메디칼타운)",031-932-2299
녹원명문한의원,경기도 고양시 일산동구 일산로 461 (정발산동),031-916-7982
이윤영이비인후과의원,"경기도 고양시 일산동구 숲속마을1로 77 (풍동, 그린메디피아 301호)",031-902-7005
경희참한의원,"경기도 고양시 일산동구 숲속마을로 44 (풍동, 풍동미래타워 302호)",031-905-7595
연세물방울치과의원,"경기도 고양시 일산동구 숲속마을1로 76 (풍동, 힘찬프라자 301호)",031-907-0790
김중기치과의원,경기도 고양시 일산동구 일산로 452 (정발산동),031-911-2875
풍동연세이비인후과의원,"경기도 고양시 일산동구 숲속마을1로 76 (풍동, 힘찬프라자 303호)",031-907-7770
서울에스치과의원,"경기도 고양시 일산동구 숲속마을1로 73 (풍동, 신성메디칼타운 301,302호)",031-907-2879
백석치과의원,"경기도 고양시 일산동구 중앙로 1073, 1층 (백석동)",031-901-2801
조은가정의학과의원,"경기도 고양시 일산동구 숲속마을로 50-54 (풍동, 세훈프라자 402호)",031-905-7333
더조은내과의원,"경기도 고양시 일산동구 숲속마을로 26 (풍동, 풍동프라자 3층)",031-905-8575
맑은마음정신과의원,"경기도 고양시 일산동구 중앙로 1072, 401호 (백석동, 아이비프라자)",031-904-2081
일산현대의원,"경기도 고양시 일산동구 강촌로 157 (마두동,서울코아 2층)",031-908-5678
박유정내과의원,"경기도 고양시 일산동구 중앙로 1182 (마두동, 일산올림픽스포츠센터 지하 1층)",031-902-3403
라이프치과의원,"경기도 고양시 일산동구 중앙로 1167 (장항동,서륭빌딩5층)",031-906-4967
모아치과의원,"경기도 고양시 일산동구 고봉로 266, 3층 (중산동)",031-977-2900
트루덴치과의원,"경기도 고양시 일산동구 중앙로1275번길 38-10 (장항동, 우림로데오스위트 215,216호)",031-906-0700
이일신경외과의원,"경기도 고양시 일산동구 정발산로 43-20, 5층 510~513,515호 (장항동, 센트럴프라자)",031-906-8275
연세송내과의원,"경기도 고양시 일산동구 중앙로 1080 (백석동, 남정골드프라자 501~503호)",031-907-7511
서울리더스치과의원,"경기도 고양시 일산동구 일산로 38 (백석동, 우림오피스텔 302호)",031-906-7522
백이비인후과의원,"경기도 고양시 일산동구 일산로 451, 1층 2호 (정발산동)",031-925-5075
사랑의내과의원,"경기도 고양시 일산동구 중앙로 1189, 203~4호 (장항동, GM굿모닝 법조타운)",031-904-5033
신록내과의원,"경기도 고양시 일산동구 중앙로 1172 (마두동, 일산그랜드프라자 310~311호)",031-904-7575
연세키즈앤쥬니어치과의원,"경기도 고양시 일산동구 일산로 198, 주화빌딩 2층 201~202호 (마두동)",031-901-8228
유디치과의원,경기도 고양시 일산동구 중앙로1261번길 19 (장항동),031-932-1110
길맨비뇨기과의원,"경기도 고양시 일산동구 중앙로 1047 (백석동,영림브레아오피스텔 204호, 205호)",031-905-7544
연세미치과의원,"경기도 고양시 일산동구 일산로 46 (백석동, 남정시티프라자 3차 407호)",031-905-7285
선치과의원,"경기도 고양시 일산동구 중산로 67, 3층 301호 (중산동)",031-962-2873
백석의원,"경기도 고양시 일산동구 중앙로 1071, 5층 (백석동)",031-901-4000
약손한의원,"경기도 고양시 일산동구 강송로 169 (마두동, 한주프라자 201호)",031-901-7510
고은이치과의원,"경기도 고양시 일산동구 일산로 238 (마두동, 대일상가 301호)",031-932-5575
연세미소앤치과의원,"경기도 고양시 일산동구 강석로 123 (마두동,뉴삼창빌딩 A동 2층일부)",031-902-9226
숨수면의원,"경기도 고양시 일산동구 일산로 46 (백석동,남정시티프라자 409호, 410호)",031-932-7800
연세이우용정형외과의원,"경기도 고양시 일산동구 중앙로 1080 (백석동,남정골드프라자 204-1,204-2,205,206호)",031-915-6000
일산연합의원,"경기도 고양시 일산동구 공릉천로 32, 2층 (사리현동)",031-962-1318
이소아과의원,"경기도 고양시 일산동구 탄중로 316, 301호 (중산동, 솔샘프라자 )",031-975-3177
열린치과의원,"경기도 고양시 일산동구 일산로 328, 301호 (마두동, 수색상가)",031-907-0500
오킴스피부과의원,경기도 고양시 일산동구 강석로 123 (마두동),031-902-9333
일산좋은치과의원,"경기도 고양시 일산동구 일산로 441 (정발산동, 일성조합상가 301~302호)",031-913-2876
유앤미여성외과의원,"경기도 고양시 일산동구 정발산로 43-20 (장항동, 센트럴프라자 508~509호)",031-901-6075
삼성의원,"경기도 고양시 일산동구 중앙로 1182 (마두동, 일산올림필스포츠센터 지하 1층)",031-903-5040
일산고운세상피부과의원,"경기도 고양시 일산동구 정발산로 47, 401호 (장항동, 웅신아트)",031-932-8275
유용우한의원,"경기도 고양시 일산동구 정발산로 24 (장항동, 웨스턴돔 2 B-307,308호)",031-813-1311
일산라쥬네스내과의원,"경기도 고양시 일산동구 무궁화로 18 (장항동, 남정시티프라자 1차 302호)",031-908-8278
연세이룸정신건강의학과의원,"경기도 고양시 일산동구 정발산로 47 (장항동, 웅신아트 304호)",031-902-7820
에이스이비인후과의원,"경기도 고양시 일산동구 장백로 172 (장항동, 금강프라자 202호)",031-932-5300
비앤비서울치과의원,"경기도 고양시 일산동구 무궁화로 31-2 (장항동, 풍성프라자 301호)",031-919-0907
우성산부인과의원,"경기도 고양시 일산동구 고양대로 762, 2층 204~205호 (중산동)",031-976-7769
김내과의원,"경기도 고양시 일산동구 일산로 214 (마두동, 화성프라자 2층)",031-904-3159
이성근치과의원,"경기도 고양시 일산동구 장백로 206, 이지로빌딩 8층 (장항동)",031-932-1188
고재성의원,"경기도 고양시 일산동구 백석로 109 (백석동, 백송마을3단지아파트상가동 207호)",031-901-2864
이화연소아청소년과의원,"경기도 고양시 일산동구 숲속마을1로 29-30 (풍동, 라고크리닉 202호)",031-901-7288
행복한미래치과의원,"경기도 고양시 일산동구 일산로 153, 백송마을2단지 2층 203호 (백석동)",031-908-8275
백석경희한의원,"경기도 고양시 일산동구 장백로 56 (백석동, 크리스탈 305호)",031-906-1393
밤가시연세소아청소년과의원,"경기도 고양시 일산동구 일산로 452, 일산프라자 5층 502~503호 (정발산동)",031-922-1517
두리소아과의원,"경기도 고양시 일산동구 강촌로 157 (마두동, 서울코아 305호)",031-932-8222
황준구통증의학과의원,"경기도 고양시 일산동구 중앙로 1191 (장항동, 굿모닝법조타운 1차 301~303호)",031-902-6546
이편한치과의원,"경기도 고양시 일산동구 강석로 115 (마두동, 장항빌딩 402호)",031-906-7582
고양성모안과의원,"경기도 고양시 일산동구 일산로 211, 2층 (마두동)",031-905-1811
일산이편한치과의원,"경기도 고양시 일산동구 고봉로278번길 17 (중산동, 산들마을2단지아파트 상가동 201호)",031-923-2804
연세의원,"경기도 고양시 일산동구 숲속마을1로 29-37, 402호 (풍동, 서광미르프라자)",031-963-2339
요요치과의원,"경기도 고양시 일산동구 대산로31번길 3, 4층 (정발산동)",031-924-2875
함소아(含笑兒)한의원,"경기도 고양시 일산동구 정발산로 38, 장항동이스턴시티 308-1호 (장항동)",031-925-1100
동경치과의원,"경기도 고양시 일산동구 중앙로 1322 (정발산동, 아이스페이스 214호)",031-901-2875
이성형외과의원,"경기도 고양시 일산동구 중앙로 1322 (정발산동, 아이스페이스 215호)",031-906-0033
이원행 화접몽한의원,"경기도 고양시 일산동구 중앙로 1195, 로스텔 301,303호 (장항동)",031-902-0221
서울위너스치과의원,"경기도 고양시 일산동구 장백로 194 (장항동, 위너스21빌딩 403호)",031-905-9058
전진훈소아과의원,"경기도 고양시 일산동구 중앙로 1124 (백석동, 흰돌마을1단지아파트상가동 2층)",031-902-7505
참좋은치과의원,"경기도 고양시 일산동구 중산로 241, 해태쇼핑타운 201-1호 (중산동)",031-975-2275
빛과소금내과의원,"경기도 고양시 일산동구 일산로 240 (마두동, 백마프라자 2층)",031-905-8175
늘사랑가정의학과의원,"경기도 고양시 일산동구 일산로 442, 2층 (정발산동)",031-919-7054
다주한의원,"경기도 고양시 일산동구 일산로 228 (마두동, 강서빌딩 303~304호)",031-908-7885
파이안의원,"경기도 고양시 일산동구 정발산로 43-7, 4층 (장항동, 메리트윈 )",031-904-8848
남서한의원,"경기도 고양시 일산동구 일산로 238 (마두동, 대일상가 302~303호)",031-904-8575
자연사랑한의원,"경기도 고양시 일산동구 장백로 172, 203호 (장항동, 금강프라자)",031-912-3034
세은치과의원,"경기도 고양시 일산동구 강석로 149 (마두동, 강촌프라자 401~402호)",031-905-0025
나병만내과의원,"경기도 고양시 일산동구 강송로 179, 301호 (마두동, 신일산빌딩 )",031-908-7570
원피부과의원,"경기도 고양시 일산동구 강송로 179, 401호 (마두동, 신일산빌딩 )",031-904-0319
김영숙피부과의원,"경기도 고양시 일산동구 중앙로 1124, 상가동 2층 207~209호 (백석동, 흰돌마을1단지아파트)",031-901-3133
해피스마일치과의원,"경기도 고양시 일산동구 중앙로 1189 (장항동, 굿모닝법조타운B/D2.901,902호)",031-908-2808
채한승치과의원,"경기도 고양시 일산동구 강송로 170 (마두동, 현대프라자빌딩205,206호)",031-908-7575
풍동한미르치과의원,"경기도 고양시 일산동구 숲속마을1로 29-30 (풍동,라고크리닉빌딩 201호.)",031-919-7528
사회복지법인연꽃마을일산경로한의원,"경기도 고양시 일산동구 호수로 731, 2층 (장항동)",031-922-8677
사회복지법인연꽃마을일산호수의원,"경기도 고양시 일산동구 호수로 731, 1층 (장항동)",031-921-4646
하나치과의원,"경기도 고양시 일산동구 노루목로 100 (장항동, 호수마을2단지아파트상가동 1202호)",031-903-2875
중산정형외과의원,"경기도 고양시 일산동구 중산로 234 (중산동, 승산빌딩1층)",031-975-8233
맑은숲해독한의원,"경기도 고양시 일산동구 중앙로 1080 (백석동, 남정골드프라자 201-1호)",031-901-8270
백석서울치과의원,"경기도 고양시 일산동구 중앙로 1036, 베스트 고양터미널 601~603호 (백석동)",031-901-5535
연세바른이치과의원,"경기도 고양시 일산동구 중앙로 1188 (마두동,3층)",031-906-2834
참나무한의원,"경기도 고양시 일산동구 강석로 149, 302,303호 (마두동, 강촌프라자)",031-908-1075
광명한의원,"경기도 고양시 일산동구 강촌로26번길 73-24, 1층 (백석동)",031-902-7007
본치과의원,"경기도 고양시 일산동구 중앙로 1182 (마두동, 일산올림픽스포츠센타2층)",031-908-2833
정발산경희한의원,"경기도 고양시 일산동구 일산로 453 (정발산동, 신대성상가201호)",031-915-1475
오킴스케이성형외과의원,"경기도 고양시 일산동구 중앙로1261번길 55, 5 층 (장항동)",031-906-3222
김영호마취통증의학과의원,"경기도 고양시 일산동구 중앙로 1172 (마두동, 그랜드프라자312호)",031-906-2094
이영도가정의학과의원,"경기도 고양시 일산동구 대산로 28, 501호 (정발산동)",031-917-8281
정발산사과나무치과의원,"경기도 고양시 일산동구 정발산로 47 (장항동, 웅신아트309,310호)",031-932-2876
최의원,경기도 고양시 일산동구 일산로 211 (마두동),031-904-6167
한빛영상의학과의원,"경기도 고양시 일산동구 중앙로 1068, 5층일부,6층 (백석동, 리더스프라자)",031-907-7582
호수한의원,"경기도 고양시 일산동구 장백로 184 (장항동, 우신프라자 310~311호, 312호 일부)",031-906-2203
최치과의원,"경기도 고양시 일산동구 중앙로 1172 (마두동, 그랜드프라자빌딩402,403호)",031-905-2275
정은형치과의원,"경기도 고양시 일산동구 일산로 408, 4층 (정발산동)",031-917-2876
이사랑치과의원,"경기도 고양시 일산동구 장백로 172 (장항동, 금강프라자 303호)",031-907-2875
김태형정형외과의원,"경기도 고양시 일산동구 일산로 442 (정발산동, 지1층,1,3,4층)",031-921-7007
동준한의원,"경기도 고양시 일산동구 경의로 315 (마두동, 설촌상가301,302호)",031-907-7575
아이랑치과의원,"경기도 고양시 일산동구 중앙로 1171 (장항동, 895번지 현대프리젠트프라자 214~219호)",031-908-2275
이훈피부과의원,"경기도 고양시 일산동구 강촌로 157 (마두동, 서울코아3층)",031-905-5511
동인한의원,"경기도 고양시 일산동구 강촌로 157 (마두동, 서울코아3층)",031-906-1255
형치과의원,"경기도 고양시 일산동구 강촌로 157 (마두동,  서울코아빌딩301호)",031-907-2275
강의원,"경기도 고양시 일산동구 중앙로1275번길 38-10, 209호 (장항동, 우림로데오스위트)",031-919-2568
아나파치과의원,"경기도 고양시 일산동구 중앙로 1047 (백석동, 영림브레아오피스텔304호)",031-902-2875
고양정형외과의원,"경기도 고양시 일산동구 일산로 211 (마두동, 1,5층)",031-905-9700
허브치과의원,"경기도 고양시 일산동구 탄중로 316 (중산동, 솔샘프라자302호)",031-976-3433
예원부부치과의원,"경기도 고양시 일산동구 탄중로 321 (중산동, 중앙프라자302호)",031-975-9075
마두이비인후과의원,"경기도 고양시 일산동구 중앙로 1172 (마두동, 일산그랜드프라자빌딩407호)",031-902-1862
일산성모이비인후과의원,"경기도 고양시 일산동구 강촌로 157 (마두동, 서울코아306,307호)",031-905-8912
일산윤내과의원,"경기도 고양시 일산동구 강촌로 157 (마두동, 서울코아빌딩308호)",031-904-9138
백상치과의원,"경기도 고양시 일산동구 일산로 204 (마두동, 동신상가301호)",031-905-7946
중산한의원,"경기도 고양시 일산동구 중산로 229, 401호 (중산동)",031-977-1201
세인내과의원,"경기도 고양시 일산동구 정발산로 43-7 (장항동, 메리트윈9층)",031-905-0875
김태빈내과의원,"경기도 고양시 일산동구 중산로 245 (중산동,  대성상가302호)",031-975-8402
한결한의원,경기도 고양시 일산동구 중앙로 1172 (마두동),031-905-2637
제일안과의원,"경기도 고양시 일산동구 중앙로 1172 (마두동, 그랜드프라자빌딩501,502,503,512호)",031-905-3357
두레치과의원,"경기도 고양시 일산동구 중앙로 1123 (백석동,흰돌마을 청구코아 212~214호)",031-905-6131
중산연세치과의원,"경기도 고양시 일산동구 탄중로 421 (중산동, 웅산프라자304호)",031-975-0028
청암치과의원,"경기도 고양시 일산동구 강석로 156, 201,202호 (마두동, 강촌마을7단지)",031-905-3456
성보한의원,"경기도 고양시 일산동구 중앙로 1123 (백석동, 흰돌마을2단지아파트상가 215호)",031-903-7575
벨피부과의원,"경기도 고양시 일산동구 경의로 315 (마두동, 설촌상가304호)",031-902-4320
문소아청소년과의원,"경기도 고양시 일산동구 백석로 24, 상가동 209,210호 (백석동)",031-903-9450
백마성동한의원,"경기도 고양시 일산동구 일산로 211, 3층 (마두동)",031-901-8001
연세내과의원,"경기도 고양시 일산동구 강석로 115 (마두동, 장항빌딩301,302호)",031-903-8281
광제한의원,"경기도 고양시 일산동구 강송로 180 (마두동, 백마프라자301호)",031-904-6327
호수치과의원,"경기도 고양시 일산동구 노루목로 99 (장항동, 호수마을5단지아파트상가209호)",031-902-3405
세란의원,"경기도 고양시 일산동구 장백로 172 (장항동, 금강프라자301,304호)",031-904-3263
화이트치과의원,"경기도 고양시 일산동구 중앙로1275번길 60-30 (장항동,  일산라페스타B동 308,309,310호)",031-913-2872
박소아과의원,"경기도 고양시 일산동구 강송로 169 (마두동, 한주프라자202호)",031-904-0978
동천한의원,경기도 고양시 일산동구 강송로 179 (마두동),031-904-0071
홍이비인후과의원,"경기도 고양시 일산동구 강송로 179 (마두동, 신일산크리닉빌딩 2층)",031-904-2917
대연치과의원,"경기도 고양시 일산동구 강송로 179 (마두동, 신일산크리닉3층)",031-904-1751
청아한의원,"경기도 고양시 일산동구 강송로 170 (마두동, 현대프라자303,304호)",031-901-3700
연세치과의원,"경기도 고양시 일산동구 일산로 442, 4층 (정발산동)",031-921-7528
뉴레파한의원,"경기도 고양시 일산서구 주화로 42, 주엽프라자 4층 401-1호 (주엽동)",031-924-3210
더편한한의원,"경기도 고양시 일산서구 산현로17번길 9, 부건3차 4층 404호 (탄현동)",031-923-7055
서울더블유(W)내과의원,"경기도 고양시 일산서구 중앙로 1576, 태진프라자 3층 301,302,306,308일부호 (대화동)",031-926-3166
코코이비인후과의원,"경기도 고양시 일산서구 호수로 817, 레이킨스몰 2층 264 일부호 (대화동)",031-917-1511
일산탑치과의원,"경기도 고양시 일산서구 킨텍스로 240, 오피스동 4층 408, 409호 (대화동, 킨텍스 꿈에그린)",031-811-2825
레이킨소아청소년과의원,"경기도 고양시 일산서구 호수로 817, 2층 250, 251호 (대화동)",031-921-5275
이기웅정형외과의원,"경기도 고양시 일산서구 일현로 53, 메디누리 2층 (탄현동)",031-994-7975
성모메트로정형외과의원,"경기도 고양시 일산서구 중앙로 1575, 2층 (대화동)",031-919-2388
일산만족정형외과의원,"경기도 고양시 일산서구 중앙로 1406, 한솔코아(주) 301호 (주엽동)",031-921-5677
바른서울치과의원,"경기도 고양시 일산서구 원일로 69, 씨티프라자 304호 (일산동)",031-975-2876
한사랑정신건강의학과의원,"경기도 고양시 일산서구 중앙로 1416, 한사랑빌딩 403호 (주엽동)",031-917-7557
바른생한의원,"경기도 고양시 일산서구 중앙로 1573, 킨텍스프라자 401호 (대화동)",031-923-1075
탄현웰치과의원,"경기도 고양시 일산서구 탄현로 136, 2층 (탄현동, 일산에듀포레푸르지오)",031-919-2275
로하스의원,"경기도 고양시 일산서구 탄현로 136, 2층 206호 (탄현동, 일산에듀포레푸르지오)",031-923-2256
온유치과의원,"경기도 고양시 일산서구 일현로 75, 3층 (탄현동)",031-911-7528
휴엔여성의원,"경기도 고양시 일산서구 일현로 71, 2층 (탄현동)",031-911-1787
대화사과나무치과의원,"경기도 고양시 일산서구 중앙로 1573, 킨텍스프라자 7층 (대화동)",031-903-2879
일산제일치과의원,"경기도 고양시 일산서구 일청로 20, 2층 (일산동)",031-817-2875
일산효자한의원,"경기도 고양시 일산서구 원일로 69, 씨티프라자 201호 (일산동)",031-976-0013
바른본정형외과의원,"경기도 고양시 일산서구 일현로 50, 대림프라자 4층 (탄현동)",031-918-8255
참편한마취통증의학과의원,"경기도 고양시 일산서구 중앙로 1413, 동영빌딩 2층 202호 (주엽동)",031-915-5500
본플러스한의원,"경기도 고양시 일산서구 강성로 101, 제일프라자 201호 (주엽동)",031-918-8575
고운한의원,"경기도 고양시 일산서구 중앙로 1406, 한솔코아(주) 305호 (주엽동)",031-923-8588
동방한의원,"경기도 고양시 일산서구 강성로 275, 스타타워빌딩 201호 (대화동)",031-919-0123
한음한방신경정신과한의원,"경기도 고양시 일산서구 중앙로 1426, 일송노브레스 5층 (주엽동)",031-994-7775
은강한의원,"경기도 고양시 일산서구 고양대로 688, 2층 (일산동)",031-906-7075
강선치과의원,"경기도 고양시 일산서구 중앙로 1426, 일송노브레스 705호 (주엽동)",031-914-6934
하나로솔한의원,"경기도 고양시 일산서구 대화로 362 (대화동, 고양농수산물종합유통센터 1층)",031-923-1022
청한의원,"경기도 고양시 일산서구 고양대로 686-2, 4층, 5층 (일산동)",031-976-2315
금오한의원,"경기도 고양시 일산서구 일산로 536, 2층 (일산동, 부흥프라자)",031-919-2255
연세메디람내과의원,"경기도 고양시 일산서구 탄중로233번길 25 (탄현동, 양우프라자 5층)",031-921-0111
금송아지한의원,"경기도 고양시 일산서구 일현로 48 (탄현동, 현해프라자 205호)",031-926-3767
조은정형외과의원,"경기도 고양시 일산서구 중앙로 1493 (주엽동, 에비뉴상가 2층)",031-924-7575
인애한의원,"경기도 고양시 일산서구 중앙로 1437 (주엽동, 화성프라자 304호)",031-927-9944
유티치과의원,"경기도 고양시 일산서구 강선로 49 (주엽동, 3층)",031-924-2275
뉴욕탑치과의원,"경기도 고양시 일산서구 중앙로 1437, 306,307호 (주엽동, 화성프라자)",031-915-0101
수한의원,"경기도 고양시 일산서구 일현로 65 (탄현동, 303호)",031-918-0221
대화한의원,"경기도 고양시 일산서구 중앙로 1574 (대화동, 502호, 503호)",031-924-8875
디마레클리닉의원,"경기도 고양시 일산서구 한류월드로 300 (대화동, 원마운트)",031-912-9405
바른경희한의원,"경기도 고양시 일산서구 일현로 97-11, 107호 (탄현동, 일산 위브더제니스)",031-915-7555
미앤지의원,"경기도 고양시 일산서구 중앙로 1436, 그랜드백화점일산점 8층 (주엽동)",031-916-0034
하늘체한의원,"경기도 고양시 일산서구 중앙로 1437, 505,506호 (주엽동, 화성프라자)",031-926-3113
해강한의원,"경기도 고양시 일산서구 일산로 574, 201,202,203호 (일산동, 경일빌딩)",031-912-1233
지성한의원,"경기도 고양시 일산서구 중앙로 1376, 한양상가 2층 B동 206호 (주엽동)",031-975-3100
서연한의원,"경기도 고양시 일산서구 강성로 121 (주엽동, 일산삼희프라자)",
일산본치과의원,"경기도 고양시 일산서구 일청로 7, 2층 (일산동)",031-976-3333
일산비타민의원,"경기도 고양시 일산서구 중앙로 1426, 501호 (주엽동, 일송노브레스)",031-908-2040
휴한의원,"경기도 고양시 일산서구 중앙로 1437, 701호 (주엽동, 화성프라자)",031-925-3215
참플란트치과의원,"경기도 고양시 일산서구 킨텍스로 171 (대화동, 2층일부 일산킨텍스복합개발)",031-915-2804
후한의원,"경기도 고양시 일산서구 중앙로 1426, 206호 (주엽동, 일송노블레스)",031-907-1075
레인보우의료생활협동조합 일산마디메디의원,"경기도 고양시 일산서구 중앙로 1421 (주엽동, 농협빌딩 3층)",
폴리어린이한의원,"경기도 고양시 일산서구 중앙로 1426 (주엽동, 일송노블레스 903,904호)",031-911-4855
스마일마취통증의학과의원,"경기도 고양시 일산서구 원일로 69 (일산동, 씨티프라자 208호)",031-919-1008
일산연치과의원,"경기도 고양시 일산서구 중앙로 1441 (주엽동, (주)하나은행 5층일부)",031-901-6400
문지홍한의원,"경기도 고양시 일산서구 중앙로 1576, 203호 (대화동, 태진빌딩)",031-918-1075
레이퀸의원,"경기도 고양시 일산서구 호수로 817, 218,219호 (대화동, 레이킨스몰)",031-918-1234
제이치과의원,"경기도 고양시 일산서구 일현로 50, 3층 (탄현동, 대림프라자 )",031-916-2275
오형모내과의원,"경기도 고양시 일산서구 중앙로 1564, 401호 (대화동, 그린월드)",031-925-8001
미래솔한의원,"경기도 고양시 일산서구 중앙로 1415, 501,502,503,506호 (주엽동, 씨티2000빌딩)",031-919-7588
행복한치과의원,"경기도 고양시 일산서구 중앙로 1444 (주엽동, 4층일부)",031-913-2275
제니스치과의원,"경기도 고양시 일산서구 일현로 97-11, 110호 (탄현동, 일산 두산위브터제니스판매시설)",031-925-2828
이미소치과의원,"경기도 고양시 일산서구 일현로 61, 3층 (탄현동)",031-912-2822
백광훈한의원,"경기도 고양시 일산서구 중앙로 1426, 202호 (주엽동, 일송노블레스)",031-913-8275
코아이비인후과의원,"경기도 고양시 일산서구 하이파크3로 84, 401호 (덕이동, 신성프라자)",031-917-7780
메디누리미의원,"경기도 고양시 일산서구 일현로 53 (탄현동, 메디누리 2층일부)",031-915-7577
자윤한의원,"경기도 고양시 일산서구 중앙로 1426, 301호 (주엽동, 일송노블레스)",
일산미래내과의원,"경기도 고양시 일산서구 일현로 97-11, 1층층 108A,108B,109A,158B,161,164호 (탄현동, 일산 위브더제니스)",031-924-3119
드림이비인후과의원,"경기도 고양시 일산서구 가좌1로 57, 201호 (가좌동)",031-923-2277
가좌요요치과의원,"경기도 고양시 일산서구 송산로 394, 4층 (가좌동, 비전빌딩 )",031-918-2875
일산차앤박피부과의원,"경기도 고양시 일산서구 중앙로 1441, 5층 (주엽동, 하나은행빌딩)",031-911-7571
연세아이랑소아청소년과의원,"경기도 고양시 일산서구 중앙로 1564, 403호 (대화동, 그린빌딩)",031-914-1121
더고운치과의원,"경기도 고양시 일산서구 중앙로 1422, 2층 (주엽동)",031-925-2804
경희은혜한의원,"경기도 고양시 일산서구 중앙로 1456, 413호 (주엽동, 서현프라자)",
일산모든내과의원,"경기도 고양시 일산서구 고양대로 691, 일산동 (일산동, 한더빌딩)",031-975-8500
존스킨한의원,경기도 고양시 일산서구 중앙로 1413 (주엽동),
본연합의원,"경기도 고양시 일산서구 하이파크3로78번길 1, 4층 2호 (덕이동, 리더스프라자)",031-916-7576
본연합한의원,"경기도 고양시 일산서구 하이파크3로78번길 1, 4층 1호 (덕이동, 리더스프라자)",
이레한의원,"경기도 고양시 일산서구 중앙로 1426, 509호 (주엽동, 일송노블레스)",031-922-7510
서울마디의원,"경기도 고양시 일산서구 중앙로 1426, 702,703호 (주엽동, 일송노블레스)",
드림온비뇨기과의원,"경기도 고양시 일산서구 중앙로 1547, 202호 (대화동, 킨텍스존)",031-921-7545
아이산의원,"경기도 고양시 일산서구 덕이로 10-6, 1층 (덕이동)",031-929-3157
금동한의원,"경기도 고양시 일산서구 중앙로 1449, 효원메이저 3층 304호 (주엽동)",031-912-8875
서울탑치과의원,"경기도 고양시 일산서구 중앙로 1576, 402호 (대화동, 태진빌딩)",031-919-3908
열린이비인후과의원,"경기도 고양시 일산서구 일현로 56, 304호 (탄현동, 삼정프라자)",031-922-9797
새솔한의원,"경기도 고양시 일산서구 중앙로 1564, 302호 (대화동, 그린월드)",031-912-1357
다이즐한의원,"경기도 고양시 일산서구 중앙로 1426, 901,902호 (주엽동, 일송노블레스)",031-913-1312
서울프라임치과의원,"경기도 고양시 일산서구 일산로 558, 204,205호 (일산동, 서울프라자)",
하늘마음한의원,"경기도 고양시 일산서구 중앙로 1426 (주엽동, 일송노블레스 908호,909호)",031-913-8576
이(e)튼튼치과의원,"경기도 고양시 일산서구 중앙로 1559, 503호 (대화동, 시티타워)",031-912-5480-3
민트소아청소년과의원,"경기도 고양시 일산서구 하이파크3로 84 (덕이동,신성프라자403호)",031-916-1190
닥터최의연세마음상담의원,경기도 고양시 일산서구 고봉로 291 (일산동),031-975-7201
한사랑그린이비인후과의원,"경기도 고양시 일산서구 중앙로 1416, 7층 (주엽동, 한사랑빌딩)",031-915-0980
한사랑블루이비인후과의원,"경기도 고양시 일산서구 중앙로 1416, 7층 (주엽동, 한사랑빌딩)",031-915-0980
손한의원,"경기도 고양시 일산서구 하이파크3로 84, 402호 (덕이동, 신성프라자)",031-923-1919
열린마음치과의원,"경기도 하이파크3로 84, 503호 (신성프라자)",091-913-7528
튼튼마디한의원,"경기도 고양시 일산서구 중앙로 1426 (주엽동, 66번지 일송노블레스609호)",031-924-7588
경희윤앤송한의원,"경기도 고양시 일산서구 강선로 49, 206호 (주엽동, BYC빌딩)",031-914-1119
미소플러스치과의원,"경기도 고양시 일산서구 하이파크3로78번길 1, 503호 (덕이동, 리더스프라자)",031-925-2875
이황우에스제이의원,"경기도 고양시 일산서구 중앙로 1573, 킨텍스프라자 6층 (대화동)",031-925-7788
아라치과의원,"경기도 고양시 일산서구 중앙로 1493, 상가동 1층 (주엽동, 문촌마을)",031-924-0332
메이린의원,"경기도 고양시 일산서구 호수로 817, 9층 현대백화점호 (대화동)",
린사랑의원,"경기도 고양시 일산서구 대화1로 76, 203호 (대화동, 연세프라자)",
후곡치과의원,"경기도 고양시 일산서구 일산로 580, 301호 (일산동, 정발상가)",031-917-0700
경희장수한의원,경기도 고양시 일산서구 일청로 14 (일산동),031-975-7558
이원규내과의원,"경기도 고양시 일산서구 고봉로 291, 303호 (일산동, 에이스스타디움)",031)975-0300
예원안과의원,"경기도 고양시 일산서구 중앙로 1573, 킨텍스프라자 5층 (대화동)",031-912-2727
연세봄정신건강의학과 의원,"경기도 고양시 일산서구 중앙로 1568, 301호 (대화동)",031-905-8983
우리재활의학과의원,"경기도 고양시 일산서구 중앙로 1437, 406,407호 (주엽동, 화성프라자)",031-915-7582
한사랑속편한내과의원,"경기도 고양시 일산서구 중앙로 1416, 501호 (주엽동, 한사랑빌딩)",
행복한의원,"경기도 고양시 일산서구 일현로 119, 3층 (탄현동, 동신빌딩)",031-919-0703
든든한치과의원,"경기도 고양시 일산서구 하이파크2로 60, 2층 (덕이동, 든든한빌딩)",031-916-2804
일산이지함피부과의원,"경기도 고양시 일산서구 중앙로 1413, 403호 (주엽동, 동영빌딩)",031-916-5300
대화뿌리사랑치과의원,"경기도 고양시 일산서구 중앙로 1574, 403.404호 (대화동, 월드프라자)",031-918-2223
노승현내과의원,"경기도 고양시 일산서구 중앙로 1413 (주엽동, 동영빌딩)",031 924 0875
일산맑은안과의원,"경기도 고양시 일산서구 일산로 526, 3층 (일산동, 진송빌딩)",031 922 7573
마음편한정신건강의학과의원,"경기도 고양시 일산서구 중앙로 1575, 501호 (대화동, 그린코아)",031 913 7511
아이산외과의원,"경기도 고양시 일산서구 덕이로 10 (덕이동, 지하1층 일부,2층 일부)",031 929 3111
가좌연합치과의원,"경기도 고양시 일산서구 가좌1로 53, 202호 (가좌동)",031-921-7200
경희부부한의원,"경기도 고양시 일산서구 후곡로 19, 402호 (일산동, 평화프라자)",031 916 8275
황금철신경외과의원,"경기도 고양시 일산서구 중앙로 1564 (대화동, 그린월드 303,303-1,305호)",031 914 0070
가좌우리의원,"경기도 고양시 일산서구 가좌3로 29, 1층 (가좌동)",031 921 3215
일산우리들소아청소년과의원,"경기도 고양시 일산서구 중앙로 1426, 일송노블레스 207, 208 , 810호 (주엽동)",031 916 9999
연세프라미스마취통증의학과의원,"경기도 고양시 일산서구 고봉로 291, 302호 (일산동, 에이스스타디움)",031-976-1975
클린업피부과의원,"경기도 고양시 일산서구 중앙로 1420, 5층 (주엽동)",031 921 1877
예안의원,"경기도 고양시 일산서구 원일로 69, 303호 (일산동, 씨티프라자)",031 977 7579
한사랑한의원,"경기도 고양시 일산서구 중앙로 1416, 202호 (주엽동, 한사랑빌딩)",031 921 7033
일산코앤키한의원,"경기도 고양시 일산서구 중앙로 1437, 6층 (주엽동, 화성프라자)",031 914 5775
연세재활의학과의원,"경기도 고양시 일산서구 중앙로 1573, 3층 (대화동, 킨텍스프라자)",031-919-3032
라앤미의원,"경기도 고양시 일산서구 중앙로 1426, 6층 (주엽동, 일송노블레스)",031 915 0355
후곡사과나무치과의원,"경기도 고양시 일산서구 후곡로 22, 4층 (일산동, 신일상가)",031 915 2275
상쾌한이비인후과의원,"경기도 고양시 일산서구 중앙로 1565, 401호 (대화동, 메드위즈)",031 922 2285
부부청담한의원,"경기도 고양시 일산서구 일현로 41, 2층 (탄현동, 예성프라자)",031 911 7575
선약한의원,"경기도 고양시 일산서구 일청로 32, 1층 (일산동, 명보빌딩)",031 976 0075
서울비뇨기과의원,"경기도 고양시 일산서구 중앙로 1559, 302,303호 (대화동, 시티타워)",031 919 0086
천지인한의원,"경기도 고양시 일산서구 가좌3로 11, 오성프라자 2층 203호 (가좌동)",031 925 7590
맑은선한의원,"경기도 고양시 일산서구 중앙로 1413, 402호 (주엽동, 동영빌딩)",031 911 5570
연세덴티플러스치과의원,"경기도 고양시 일산서구 일현로 123, 301호 (탄현동, 휴엔코아)",031 918 2080
정담한의원,"경기도 고양시 일산서구 일중로 59, 3층 (일산동, 메디프렌드빌딩)",031 975 1262
오정자의이레치과의원,"경기도 고양시 일산서구 중앙로 1406, 303호 (주엽동, 한솔코아)",031 923 9494
가좌엘리트치과의원,"경기도 고양시 일산서구 가좌1로 8, 3층302호(벽산블루밍5단지상가) (가좌동)",031-925-1117
일맥한의원,"경기도 고양시 일산서구 중앙로 1426, 210호 (주엽동, 일송노블레스)",031 919 7275
우리이비인후과의원,"경기도 고양시 일산서구 고봉로 291, 304호 (일산동)",031 975 7066
우리사암한의원,"경기도 고양시 일산서구 일산로 774 (대화동, 3층(대화동, 리더스프라자2차))",031 924 6303
한결소아과의원,"경기도 고양시 일산서구 고양대로675번길 32 (일산동, 2층)",031 976 1990
한결마취통증의학과의원,"경기도 고양시 일산서구 고양대로675번길 8, 1층 (일산동)",031 976 6860
독일키즈의원,"경기도 고양시 일산서구 가좌1로 8, 204호 (가좌동, 가좌마을상가동 )",031 922 9077
경희성원한의원,"경기도 고양시 일산서구 현중로 34, 1층 (탄현동)",031 913 7725
조은의원,"경기도 고양시 일산서구 가좌1로 53, 201호 (가좌동, V 샤르망빌딩)",031 922 9985
미소정신건강의학과의원,"경기도 고양시 일산서구 중앙로 1565, 503호 (대화동, 메드위즈빌딩)",031 922 0075
다인치과의원,"경기도 고양시 일산서구 고봉로 291 (일산동, 309,310호(에이스스타디움))",031 976 2875
연세예스주니어치과의원,"경기도 고양시 일산서구 일산로 523, 301호 (일산동, 보성상가)",031 925 5275
에스엔비사임당한의원,"경기도 고양시 일산서구 중앙로 1426, 309호 (주엽동, 일송노블레스)",031 912 2040
봄봄한의원,"경기도 고양시 일산서구 중앙로 1568, 3층 303호 (대화동, 하성상가)",031 922 1075
용한의원,"경기도 고양시 일산서구 고봉로 291, 308호 (일산동, 에이스스타디움)",031 976 5101
조은이치과의원,"경기도 고양시 일산서구 산현로92번길 60, 207호 (일산동, 이화프라자)",031 916 2975
박세호여성외과의원,"경기도 고양시 일산서구 중앙로 1416, 401호 (주엽동, 한사랑빌딩)",031 911 1135
코비한의원,"경기도 고양시 일산서구 중앙로 1444, 5층 (주엽동)",031 921 7575
와이비양동규내과의원,"경기도 고양시 일산서구 강선로 49, 302호 (주엽동, 일산VISTA오피스텔)",031 911 9495
이안성형외과의원,"경기도 고양시 일산서구 중앙로 1437, 703호 (주엽동, 화성프라자)",031 916 7744
마음과마음정신과의원,"경기도 고양시 일산서구 중앙로 1426, 511호 (주엽동, 일송노블레스)",031 915 4975
순비뇨기과의원,"경기도 고양시 일산서구 중앙로 1565, 502호 (대화동, 메드위즈)",031 912 0022
하태성정형외과의원,"경기도 고양시 일산서구 중앙로 1371 (주엽동, 강선마을복합상가동  2층일부)",031 921 4567
푸른안과의원,"경기도 고양시 일산서구 일중로 46, 3층 (일산동)",031 975 0903
예지안의원,"경기도 고양시 일산서구 중앙로 1426 (주엽동, 일송노블레스 303,304,313호)",031 925 4824
신침한의원,"경기도 고양시 일산서구 중앙로 1470, B동 207,208호 (주엽동, 동부썬프라자)",031 918 3201
라파엘치과의원,"경기도 고양시 일산서구 중앙로 1413, 401호 (주엽동, 동영빌딩)",031 912 2275
채난희산부인과의원,"경기도 고양시 일산서구 중앙로 1565, 502호 (대화동, 메드위즈)",031 911 7588
금강한의원,"경기도 고양시 일산서구 강선로 152, 201,202호 (일산동, 두레빌딩)",031 815 1075
순정성형외과의원,"경기도 고양시 일산서구 중앙로 1547, 303호 (대화동, 킨텍스존)",031 913 0075
규림한의원,"경기도 고양시 일산서구 중앙로 1406, 415,416호 (주엽동, 한솔코아)",031 915 8288
엠앤엠소아청소년과의원,"경기도 고양시 일산서구 강선로 49, 304호 (주엽동, 일산비스타오피스텔)",031 924 2647
봄날초이스의원,"경기도 고양시 일산서구 후곡로 22, 2층 (일산동)",031-914-0788
연세빛치과의원,"경기도 고양시 일산서구 일산로 524, 202호 (일산동, 동심프라자)",031 912 2870
연세내이로치과의원,"경기도 고양시 일산서구 대화로 124, 201호 (대화동, 명성프라자)",031 918 2275
하얀나라김피부과의원,"경기도 고양시 일산서구 일산로 576, 204,205호 (일산동, 대성프라자)",031 917 7588
보인한의원,"경기도 고양시 일산서구 탄중로 533 (일산동, 세림빌딩)",031 922 7588
서울스마일치과의원,"경기도 고양시 일산서구 중앙로 1565, 403호 (대화동, 메드위즈)",031 917 2879
미래이비인후과의원,"경기도 고양시 일산서구 중앙로 1574, 402호 (대화동, 월드프라자)",031-911-6105
숲에온한의원,"경기도 고양시 일산서구 송포로 26, 203호 (대화동, 현대프라자)",031 925 1188
서울나은치과의원,"경기도 고양시 일산서구 고양대로 732 (일산동, 3층)",031 975 2804
백민한의원,"경기도 고양시 일산서구 강선로 59, 306호 (주엽동, 동신파크빌딩)",031 913 7743
경희가좌한의원,"경기도 고양시 일산서구 송산로 393, 201호 (가좌동)",031 923 0175
남궁정형외과의원,"경기도 고양시 일산서구 고양대로 732, 2층 (일산동)",031 976 6644
연세큐치과의원,"경기도 고양시 일산서구 송포로 26, 204호 (대화동, 현대프라자)",031 919 2879
바른정형외과의원,"경기도 고양시 일산서구 일산로 676, 2층 (대화동)",031 924 6161
연세미소치과의원,"경기도 고양시 일산서구 고양대로 726 (일산동, 가동, 3층)",031 976 9728
연세이(e)멋진치과의원,경기도 고양시 일산서구 대산로 124 (주엽동),031 919 1800
류재춘내과의원,"경기도 고양시 일산서구 중앙로 1559 (대화동, 2222-3번지 씨티타워402, 403, 404호 )",031 819 9000
다솜연세내과소아청소년과의원,"경기도 고양시 일산서구 일현로 123, 302~4호 (탄현동, 휴엔코아)",031 912 3799
하나정형외과의원,"경기도 고양시 일산서구 대산로 222, 신영프라자 2층, 3층 일부 (대화동)",031 918 5252
의료법인마리아의료재단마리아의원,"경기도 고양시 일산서구 중앙로 1456 (주엽동, 서현프라자 3층)",031-924-6555
플라워여성외과의원,"경기도 고양시 일산서구 강선로 49, 303호 (주엽동, 일산비스타오피스텔)",031 911 7599
베스트치과의원,"경기도 고양시 일산서구 일현로 159, 3층 (탄현동, 탄현동근생빌딩)",031 923 7528
백희수산부인과의원,"경기도 고양시 일산서구 중앙로 1426, 503,504호 (주엽동, 일송노블레스)",031 922 9200
연세덴티프로치과의원,"경기도 고양시 일산서구 중앙로 1426 (주엽동, 일송노브레스 305호~308호, 310호~311호)",031 922 8100
대화경희한의원,"경기도 고양시 일산서구 송포로 35, 203호 (대화동, 대륙상가)",031 924 1075
스타치과교정과치과의원,"경기도 고양시 일산서구 일산로 570, 202,203호 (일산동)",031 918 2226
정병현정형외과의원,"경기도 고양시 일산서구 중앙로 1426, 506,506-1호 (주엽동, 일송노블레스)",031 918 0099
최호수치과의원,"경기도 고양시 일산서구 송포로 35, 205호 (대화동, 대륙종합상가)",031 914 2828
원내과의원,"경기도 고양시 일산서구 송포로 35, 206호 (대화동, 대륙종합상가)",031 913 7007
연세느낌표치과의원,"경기도 고양시 일산서구 일현로 53, 3층 (탄현동)",031 925 7522
연세리더스치과의원,"경기도 고양시 일산서구 주화로 42, 3층 (주엽동, 주엽프라자)",031 922 2860
팀의원,"경기도 고양시 일산서구 고봉로 291 (일산동, 에이스스타디움 311호,312호)",031 977 3668
위더스내과의원,"경기도 고양시 일산서구 중앙로 1449, 301~303호 (주엽동, 효원빌딩)",031 924 3376
호소아청소년과의원,"경기도 고양시 일산서구 현중로 8, 탄현마을16단지 (탄현동)",031 911 3325
미앤미치과의원,"경기도 고양시 일산서구 중앙로 1560, 302호 (대화동, 다산스카이빌)",031 914 2804
킴스마취통증의학과의원,"경기도 고양시 일산서구 중앙로 1563, 2층 (대화동, 영림브레아)",031 917 4477
연세백비뇨기과의원,"경기도 고양시 일산서구 중앙로 1421, 5층 (주엽동, 농협중앙회일산중앙지점)",031 911 5400
생명마루장수한의원,"경기도 고양시 일산서구 중앙로 1563, 301호 (대화동, 영림브레아)",031 813 7575
서울드림치과의원,"경기도 고양시 일산서구 강선로 152, 302,303호 (일산동, 두레빌딩)",031 916 2882
연세아름치과의원,"경기도 고양시 일산서구 중앙로 1391, 2층 에스01호 (주엽동, 강선마을복합상가동)",031 917 2877
일산고은소아과의원,"경기도 고양시 일산서구 일산로 523, 303호 (일산동, 보성상가)",031 913 8933
청담치과의원,"경기도 고양시 일산서구 중앙로 1563, 302호 (대화동, 영림프레아)",031 924 2882
참사랑정신과의원,"경기도 고양시 일산서구 일현로 47 (탄현동, 예일큰프라자 304호,404호 일부, 5층 일부)",031 924 0212
일산고려정신과의원,"경기도 고양시 일산서구 일현로 47 (탄현동, 예일큰프라자 404호 일부, 5층일부)",031 924 0211
탄현연세의원,"경기도 고양시 일산서구 일현로 47, 3층 (탄현동, 예일큰프라자)",031 916 7585
아름다운미소치과의원,"경기도 고양시 일산서구 일산로 579, 2층 (일산동, 롯데프라자)",031 913 2075
현대정형외과의원,"경기도 고양시 일산서구 원일로 69, 씨티프라자102호일부,118호,119호,124호일부,125호 (일산동)",031 977 2201
바른이치과의원,"경기도 고양시 일산서구 중앙로 1414, 5층 (주엽동, 주택은행)",031 915 0500
대화공감정신건강의학과의원,"경기도 고양시 일산서구 중앙로 1573, 301호 (대화동, 킨텍스프라자)",031 814 8567
연세예스치과의원,"경기도 고양시 일산서구 일산로 523, 402,403호 (일산동, 보성상가)",031 915 5275
청정한의원,"경기도 고양시 일산서구 일산로 526, 201호 (일산동, 진송빌딩)",031 921 7975
홍정형외과의원,"경기도 고양시 일산서구 일산로 562, 3층 (일산동)",031 911 8700
우리치과의원,"경기도 고양시 일산서구 일청로 3, 3층 (일산동)",031 977 8275
주영진한의원,"경기도 고양시 일산서구 중앙로 1557, 205호 (대화동, 삼운트루아오피스텔)",031-912-8175~6
서린한의원,"경기도 고양시 일산서구 중앙로 1567, 301호 (대화동)",031 919 1075
부일한의원,"경기도 고양시 일산서구 중앙로 1565, 303호 (대화동, 메드위즈)",031 925 2207
우성한의원,"경기도 고양시 일산서구 고양대로 726, 4층 (일산동)",031 975 3075
알피부과의원,"경기도 고양시 일산서구 일현로 42, 401호 (탄현동, 탄현프라자)",031 911 7726
한사랑성모안과의원,"경기도 고양시 일산서구 중앙로 1416, 302,305호 (주엽동, 한사랑빌딩)",031 919 0277
청아정신건강의학과의원,"경기도 고양시 일산서구 중앙로 1455, 306호 (주엽동, 대우시티프라자)",031 812 7582
연세쿰내과의원,"경기도 고양시 일산서구 일산로 526, 2,5층 (일산동, 진송빌딩)",031 914 7508
서울소아과의원,"경기도 고양시 일산서구 일중로 46, 2층 (일산동)",031 976 9200
예원치과의원,"경기도 고양시 일산서구 탄중로 514, 203호 (일산동, 에이스10차아파트상가동 )",031 913 7282
연세화이트치과의원,"경기도 고양시 일산서구 강성로 263, 3층 (대화동, 재성빌딩)",031 913 0275
루체피부과의원,"경기도 고양시 일산서구 중앙로 1444, 4층 (주엽동, 태원빌딩)",031 917 8088
일산튼튼정형외과의원,"경기도 고양시 일산서구 강선로 49, 3층 1호 (주엽동, BYC빌딩)",031 924 5252
서울원치과의원,"경기도 고양시 일산서구 중앙로 1493 (주엽동, 애비뉴상가 2001-4호,2001-5호)",031 915 2828
연세미즈산부인과의원,"경기도 고양시 일산서구 중앙로 1437, 507,508호 (주엽동, 화성프라자)",031 916 8585
일산어린이치과의원,"경기도 고양시 일산서구 일산로 562, 2층 209호(일산동. 신일산연합상가) (일산동)",031-915-7047
한빛치과의원,"경기도 고양시 일산서구 현중로 10, 208-210호 (탄현동, 풍림아파트상가)",031 922 7528
설우한의원,"경기도 고양시 일산서구 중앙로 1493, 2058호 (주엽동, 애비뉴상가)",031 915 1361
의료법인정오의료재단본의원,"경기도 고양시 일산서구 산현로 7, 3,4층 (탄현동)",031 916 8575
이명형정형외과의원,"경기도 고양시 일산서구 원일로 81, 2~5층 (일산동, 해동빌딩)",031 975 7887
아이산산부인과의원,"경기도 고양시 일산서구 덕이로 10 (덕이동, 지하1층 일부,1층, 2층일부, 3층)",031 916 9400
탄현하나이비인후과의원,"경기도 고양시 일산서구 일현로 123 (탄현동, 외 1필지 휴먼코아 204호,205호)",031 922 7530
손가정의학과의원,"경기도 고양시 일산서구 대산로 164, 202,204호 (주엽동, 문촌마을상가동)",031 913 6113
크리스마스치과의원,"경기도 고양시 일산서구 일산로 526, 4층 (일산동, 진송빌딩)",031 918 2626
동부치과의원,"경기도 고양시 일산서구 중앙로 1470, A동 226~228호 (주엽동, 동부썬프라자)",031 919 3606
함박웃음치과의원,"경기도 고양시 일산서구 고양대로 676-1, 3-5층 (일산동)",031 976 5511
한사랑김수련산부인과의원,"경기도 고양시 일산서구 중앙로 1416, 203,204호 (주엽동, 한사랑빌딩)",031 922 7997
에이스치과의원,"경기도 고양시 일산서구 일현로 56, 301호 (탄현동, 삼정프라자)",031 921 7585
회화한의원,"경기도  일산로695번길 6-2 (대화동2138-9, 1층)",031 913 7533
디오서울치과의원,"경기도 고양시 일산서구 산현로 7, 305-307호 (탄현동, 풍성프라자)",031 922 8575
다나의원,"경기도 고양시 일산서구 일현로 56, 205호일부호 (탄현동, 삼정프라자)",031 922 7592
일산연세소아과의원,"경기도 고양시 일산서구 중앙로 1493, 2001호 (주엽동, 문촌마을복합상가동)",031-918-9911
탄현수내과의원,"경기도 고양시 일산서구 일현로 56, 303호 (탄현동, 삼정프라자)",031 922 7572
성모맑은의원,경기도 고양시 일산서구 일중로 46 (일산동),031 975 1175
김대호안과의원,"경기도 고양시 일산서구 일현로 56, 203호 (탄현동, 삼정프라자)",031 922 7585
차동일한의원,"경기도 고양시 일산서구 일현로 56, 302호 (탄현동, 삼정프라자)",031 917 1075
아름다운이치과의원,"경기도 고양시 일산서구 중앙로 1406, 414호 (주엽동, 한솔코아)",031 915 8884
제원한의원,"경기도 고양시 일산서구 중앙로 1455, 301,302호 (주엽동, 대우시티프라자)",031 914 8334
정현승내과의원,"경기도 고양시 일산서구 일중로 92, 3층 (일산동)",031 975 7782
탄현경희한의원,"경기도 고양시 일산서구 산현로 15, 303호 (탄현동, 무광프라자)",031 922 6511
박지훈내과의원,"경기도 고양시 일산서구 후곡로 22, 302,303호 (일산동, 신일상가)",031 919 0275
고른이치과의원,"경기도 고양시 일산서구 산현로 15, 3층 (탄현동, 무광프라자)",031 912 7528
탄현서울이비인후과의원,"경기도 고양시 일산서구 산현로 15, 205호 (탄현동, 무광프라자)",031 915 0868
김원섭내과의원,"경기도 고양시 일산서구 산현로 15, 304호 (탄현동, 무광프라자)",031 922 9922
아담치과의원,"경기도 고양시 일산서구 대산로 164, 304호 (주엽동, 문촌마을상가동)",031 914 9267
임윤식치과의원,"경기도 고양시 일산서구 강선로 59, 302,307호 (주엽동, 동신파크빌딩)",031 911 2853
메리디언치과의원,"경기도 고양시 일산서구 대산로 116, 206,207호 (주엽동, 유화프라자)",031 914 3841
웰빙내과의원,"경기도 고양시 일산서구 중앙로 1426, 6층 (주엽동, 일송노블레스)",031 912 8292
푸른대화치과의원,"경기도 고양시 일산서구 중앙로 1568, 401호 (대화동, 하성프라자)",031 912 2855
탄현부부치과의원,"경기도 고양시 일산서구 탄현로 115-22, 303호 (탄현동, 큰마을단지상가)",031 916 9754
한빛연합의원,"경기도 고양시 일산서구 탄현로 115-22, 305,306,315호 (탄현동, 큰마을대림현대아파트주상가)",031 913 7288
탄현정형외과의원,"경기도 고양시 일산서구 탄중로233번길 25 (탄현동, 1490-1,2번지 양우프라자1,3층)",031 919 2141
자이언성형외과의원,"경기도 고양시 일산서구 중앙로 1406, 512,513호 (주엽동, 한솔코아)",031 919 5955
주엽제일의원,"경기도 고양시 일산서구 중앙로 1437, 403호 (주엽동, 화성프라자)",031 918 8118
삼성내과의원,"경기도 고양시 일산서구 강선로 152, 402호 (일산동, 두레빌딩)",031 922 9321
장재진내과의원,"경기도 고양시 일산서구 중앙로 1437, 408호 (주엽동, 화성프라자)",031 919 0336
연세마취통증의학과의원,"경기도 고양시 일산서구 중앙로 1455, 305호 (주엽동, 대우시티프라자)",031 918 7555
태비뇨기과의원,"경기도 고양시 일산서구 중앙로 1437, 402호 (주엽동, 화성프라자)",031 918 8875
후곡필정형외과의원,"경기도 고양시 일산서구 일산로 549, 2층 (일산동, 오리온프라자)",031 917 7476
성모치과의원,"경기도 고양시 일산서구 중앙로 1455, 303호 (주엽동, 대우시티프라자)",031 921 2875
호수준의원,"경기도 고양시 일산서구 중앙로 1456, 414호,415호호 (주엽동, 서현프라자)",031 913 0717
세종치과의원,"경기도 고양시 일산서구 일산로 662, 301호 (대화동, 하나로프라자)",031 911 1222
박호정이비인후과의원,경기도 고양시 일산서구 일중로 46 (일산동),031 975 8275
아토윌강선한의원,"경기도 고양시 일산서구 대산로 116, 304호 (주엽동, 유화프라자)",031 914 2056
인동한의원,경기도 고양시 일산서구 중앙로 1391 (주엽동),031 915 1075
오성한의원,경기도 고양시 일산서구 대산로211번길 7-21 (대화동),031 918 5574
정내과의원,"경기도 고양시 일산서구 일현로 128, 302호 (탄현동, 동성상가)",031 921 8275
메트로치과의원,"경기도 고양시 일산서구 강성로 121, 406호 (주엽동, 일산삼희프라자)",031 919 2871
서울백치과의원,"경기도 고양시 일산서구 일중로 46, 3층 (일산동)",031 977 2875
서현치과의원,"경기도 고양시 일산서구 중앙로 1456, 410,411호 (주엽동, 서현프라자)",031 914 2875
주엽성모안과의원,"경기도 고양시 일산서구 중앙로 1437, 405호 (주엽동, 화성프라자)",031 918 0057
동서한의원,"경기도 고양시 일산서구 주화로 70, 305~6호 (주엽동, 우신프라자)",031 918 8288
한솔학문외과의원,"경기도 고양시 일산서구 중앙로 1406, 605-611호 (주엽동, 한솔코아)",031 911 7175
누가가정의학과의원,경기도 고양시 일산서구 탄중로 518 (일산동),031 918 8121
성정한의원,"경기도 고양시 일산서구 중앙로 1415, 404,405호 (주엽동, 씨티2000빌딩)",031 919 3696
일산서울내과의원,"경기도 고양시 일산서구 중앙로 1470 (주엽동, 동부썬프라자 C-204,205,206)",031 918 2322
다온이비인후과의원,"경기도 고양시 일산서구 중앙로 1426, 410,411호 (주엽동, 일송노블레스)",031 912 4431
백한의원,"경기도 고양시 일산서구 일현로 123, 401호 (탄현동, 휴엔코아)",031 918 7740
한사랑치과의원,"경기도 고양시 일산서구 중앙로 1416, 303호 (주엽동, 한사랑빌딩)",031 919 2875
한사랑피부과의원,"경기도 고양시 일산서구 중앙로 1416, 402호 (주엽동, 한사랑빌딩)",031 918 3290
바오로의원,"경기도 고양시 일산서구 일중로 46, 2층 (일산동)",031 976 7677
이가정의학과의원,"경기도 고양시 일산서구 후곡로 19, 301,302호 (일산동, 화성프라자)",031 919 3865
조민치과의원,"경기도 고양시 일산서구 일산로 525, A동 305,306호 (일산동, 대화프라자)",031 912 2875
위강한의원,"경기도 고양시 일산서구 중앙로 1437, 410호 (주엽동, 화성프라자)",031 918 7500
주엽치과의원,"경기도 고양시 일산서구 중앙로 1437 (주엽동, 화성프라자)",031 918 2020
동의보감한의원,경기도 고양시 일산서구 일청로 15-1 (일산동),031 977 7507
세화한의원,경기도 고양시 일산서구 후곡로 22 (일산동),031 916 0374
연세박임재소아청소년과의원,"경기도 고양시 일산서구 일산로 524, 203호 (일산동, 동심프라자)",031 917 4451
송정중정신과의원,"경기도 고양시 일산서구 중앙로 1437, 401,512호 (주엽동, 화성프라자)",031 918 7575
이재원정형외과의원,"경기도 고양시 일산서구 강선로 59, 5층 (주엽동, 동신파크)",031-916-0260
정미성소아과의원,경기도 고양시 일산서구 일산로 580 (일산동),031 917 8275
하나의원,"경기도 고양시 일산서구 일현로 119, 2층 (탄현동, 동신빌딩)",031 917 6935
일산베스트치과의원,"경기도 고양시 일산서구 후곡로 19, 302,303호 (일산동, 평화프라자)",031 917 2875
실로암정형외과의원,"경기도 고양시 일산서구 고봉로 303, 2~3층 (일산동)",031 976 7600
유진피부과의원,"경기도 고양시 일산서구 강선로 59, 304호 (주엽동, 동신파크)",031 917 6749
탄현중앙치과의원,"경기도 고양시 일산서구 현중로 64, 204,205호 (탄현동, 현대한신상가)",031 917 2804
강남성모안과의원,"경기도 고양시 일산서구 강선로 59 (주엽동, 동신파크 301,307,308호)",031 917 6258
피노키오치과의원,"경기도 고양시 일산서구 중앙로 1456, 501호 (주엽동, 서현프라자)",031 915 2875
성모내과의원,"경기도 고양시 일산서구 강선로 59 (주엽동, 동신파크 405호일부, 406~7호)",031 917 7575
일산소망치과의원,"경기도 고양시 일산서구 대산로 251, 201호 (대화동, 성저마을동익상가)",031 911 5296
이경섭정신건강의학과의원,"경기도 고양시 일산서구 강선로 59, 401호 (주엽동, 동신파크빌딩)",031 915 8834
서강한의원,"경기도 고양시 일산서구 일청로 17-1, 2층 (일산동)",031 976 8831
서병국이비인후과의원,"경기도 고양시 일산서구 강선로 59, 309호 (주엽동, 동신파크빌딩)",031 914 3336
명안과의원,"경기도 고양시 일산서구 대산로 117 (주엽동, 강선프라자 3층)",031 914 0075
현내과의원,"경기도 고양시 일산서구 대산로 117 (주엽동, 51번지 강선프라자3층)",031 915 2966
연세부부치과의원,"경기도 고양시 일산서구 대산로 117, 3층 (주엽동)",031 915 2877
김이비인후과의원,"경기도 고양시 일산서구 대산로 117, 401호 (주엽동, 강선크리닉빌딩)",031 913 2253
성모한의원,"경기도 고양시 일산서구 대산로 117, 403호 (주엽동)",031 914 2473
김충배치과의원,"경기도 고양시 일산서구 중앙로 1371, 3층 40,41호 (주엽동, 강선마을복합상가동)",031 911 2811
김용중치과의원,"경기도 고양시 일산서구 일현로 128, 206,205-1호 (탄현동, 동성상가)",031 911 2211
태영치과의원,"경기도 고양시 일산서구 중앙로 1388 (주엽동, 강선마을복합상가 동관321호)",031 915 6507
김영호치과의원,"경기도 고양시 일산서구 원일로 126, 201,202호 (일산동, 원프라자)",031 976 0834
이준기이비인후과의원,"경기도 고양시 일산서구 강선로 152, 301호 (일산동, 두레빌딩)",031 913 2258
김혜숙산부인과의원,"경기도 고양시 일산서구 강선로 49, 208호,209호 (주엽동, 일산비스타오피스텔)",031 915 9243
윤가정의학과의원,"경기도 고양시 일산서구 일산로 538, 202호 (일산동)",031-915-0701
일산제일영상의학과의원,"경기도 고양시 일산서구 중앙로 1406, 6층 (주엽동, 한솔코아)",031 915 2296
엄소아과의원,"경기도 고양시 일산서구 원일로 126 (일산동, 원프라자 202,203,204,205,304호)",031 977 5568
서울치과의원,"경기도 고양시 일산서구 대산로 123, 101호 (주엽동, 현대프라자)",031 912 9173
김문방한의원,경기도 고양시 일산서구 원일로 102-1 (일산동),031 976 1009
황가정의학과의원,경기도 고양시 일산서구 대산로 55 (주엽동),031 911 0766
일산유내과의원,"경기도 고양시 일산서구 원일로 69, 302호 (일산동, 씨티프라자)",031 977 7007
대명한의원,"경기도 고양시 일산서구 강성로 147, 401,402호 (주엽동, 동문시티프라자)",031 918 7637
해오름안과의원,"경기도 고양시 일산서구 중앙로 1426 (주엽동, 일송노블레스 403~405호)",031 913 4011
일산의원,"경기도 고양시 일산서구 고양대로 691, 303호 (일산동, 한더빌딩)",031 976 1240
일산한의원,"경기도 고양시 일산서구 일중로 46, 2층 (일산동)",031 976 4011
탑치과의원,"경기도 고양시 일산서구 일현로 42, 403~4호 (탄현동, 탄현프라자)",031 923 2875
광진한의원,"경기도 고양시 일산서구 강성로 121, 407~8호 (주엽동, 일산삼희프라자)",031 919 7510
일신의원,"경기도 고양시 일산서구 원일로 73, 2층 (일산동)",031 975 2124
우노힐일산요양병원,"경기도 고양시 일산동구 고봉로 467-56, 가동 1~3층 (성석동)",031-975-1275
동원요양병원,"경기도 고양시 일산동구 일산로 439, 지하1~2층 지상2~5층호 (정발산동)",031-850-7000
차연한방병원,"경기도 고양시 일산동구 중앙로 1312, 4~5층 (정발산동)",031-816-1010
동국마음요양병원,"경기도 고양시 일산동구 숲속마을로 18, 웰빙타운 5~8층,4층 403호 (풍동)",031-811-9900
이푸른요양병원,"경기도 고양시 일산동구 중앙로 1124, 4층 (백석동, 흰돌마을1단지아파트 상가동)",031-932-3338
일산복음요양병원,"경기도 고양시 일산동구 고양대로 760, 나동 6~10층 (중산동, 일산복음병원)",031-977-6633
다스람요양병원,"경기도 고양시 일산동구 성현로29번길 28-9, 지항1층,1~4층 (성석동)",1800-5173
일산리더스요양병원,"경기도 고양시 일산동구 위시티로 18, 5~8층 (식사동, 동국타워)",031-962-0050
일산이십일세기병원,"경기도 고양시 일산동구 중앙로 1059 (백석동, ISD빌딩 3~8층)",031-909-9600
중산요양병원,경기도 고양시 일산동구 중산로 241 (중산동),031-976-1388
미소아침요양병원,경기도 고양시 일산동구 중산로157번길 49 (중산동),031-819-7570
연세마두병원,"경기도 고양시 일산동구 강석로 123 (마두동, 뉴삼창마트)",031-902-5000
의료법인두영의료재단 정안요양병원,경기도 고양시 일산동구 성현로377번길 128-4 (문봉동),031-977-8757
제이요양병원,"경기도 고양시 일산동구 중산로 117, 2,5층 101호 (중산동)",031-977-8101~4
일산하이병원,경기도 고양시 일산동구 고양대로 761 (중산동),031-1522-1275
의료법인사과나무의료재단 중산사과나무치과병원,"경기도 고양시 일산동구 고양대로 762, 309호 (중산동)",
일산아르고요양병원,"경기도 고양시 일산동구 하늘마을1로 14 (중산동, 일산 조은프라자,  3층,4층일부,6층,7층)",031-976-1844
연세서울병원,"경기도 고양시 일산동구 중앙로 1200 (마두동,5,6,7층)",
연세플라워치과병원,"경기도 고양시 일산동구 정발산로42번길 5 (장항동, 대한생명 일산사옥 12층)",031-917-4009
재단법인자생의료재단일산자생한방병원,"경기도 고양시 일산동구 중앙로 1130, B2-01~19호 (마두동, 강촌마을6단지아파트)",031-931-7040
해븐리병원,"경기도 고양시 일산동구 중산로 117 (중산동, 성도빌딩,지하1층일부,1층일부,3층,4층)",031-922-8822
일산사랑요양병원,"경기도 고양시 일산동구 장백로 86 (백석동,3,5,6층)",031-901-8119
일산현대요양병원,"경기도 고양시 일산동구 무궁화로 346, 지하1~2층,1~3층 (풍동)",031 922 7575
일산참사랑요양병원,"경기도 고양시 일산동구 무궁화로 31-16 (장항동, 남정시티프라자8차 3층, 4층, 6층, 8층)",
일산자애병원,"경기도 고양시 일산동구 고봉로 20-21, 양우로데오랜드 304,305,401,503,506~509호 (장항동)",031-919-9942
일산호수요양병원,"경기도 고양시 일산동구 호수로 646-24 (장항동, 위너스 21-∥3,5,6,8층)",031-903-8275
의료법인 세경의료재단 새빛안과병원,경기도 고양시 일산동구 중앙로 1065 (백석동),031-900-7700
동국대학교일산불교한방병원,"경기도 고양시 일산동구 동국로 27 (식사동, 동국대학교일산병원)",031-961-7000
동국대학교일산불교병원,"경기도 고양시 일산동구 동국로 27 (식사동, 동국대학교일산병원)",031-961-9302
허유재병원,"경기도 고양시 일산동구 중앙로 1317, 지하1층~5층,6층 일부, 8층 (장항동)",031-817-1100
카프성모병원,"경기도 고양시 일산동구 일산로 86 (백석동, 한국음주문화센터)",031-810-9200
국립암센터,경기도 고양시 일산동구 일산로 323 (마두동),031-920-0114
일산제일병원,"경기도 고양시 일산동구 장백로 174 (장항동, /장백로 172, 6~7층/ 중앙로 1161, 3층)",031-900-2000
국민건강보험공단일산병원,"경기도 고양시 일산동구 일산로 100 (백석동,백석1동 1241외1필지 4층)",031-900-0023
그레이스병원,"경기도 고양시 일산동구 중앙로 1073, (지하2층,지하1층,1층중일부,2~9층)/중앙로1071(1층중 일부, 2~4층) (백석동)",031-901-4000
의료법인일산복음병원,"경기도 고양시 일산동구 고양대로 760, 가동 (중산동, 일산복음병원)",031-977-5000
메디누리요양병원,"경기도 고양시 일산서구 일현로 53, 1,4,5-8층 (탄현동)",031-925-7575
척사랑병원,"경기도 고양시 일산서구 중앙로 1448 (주엽동, 2층~5층)",1522-7585
든든한병원,"경기도 고양시 일산서구 하이파크2로 60 (덕이동, 든든한빌딩 3~11층)",031-930-6800
착한요양병원,"경기도 고양시 일산서구 원일로 69 (일산동, 씨티플라자 1층, 2층, 5층, 6층)",031-1877-7288
연세항맥병원,"경기도 고양시 일산서구 강성로 121 (주엽동, 삼희프라자301~6호,309~11호,401~2,409-1호,410~11호)",031-925-0667
일산메디안요양병원,"경기도 고양시 일산서구 중앙로 1564 (대화동, 그린월드빌딩 507호,6층,707호,8층,9층,10층)",031-913-3119
건누리병원,"경기도 고양시 일산서구 강성로 275, 스타타워빌딩 2층~8층 (대화동)",031-915-1000
로하스일산요양병원,"경기도 고양시 일산서구 일중로 59 (일산동, 일산마샬빌딩 4,5,6,7,8층)",
무지개요양병원,"경기도 고양시 일산서구 덕이로 212 (덕이동, 백송프라자 3,4층 일부)",031-916-1122
효림요양병원,"경기도 고양시 일산서구 주화로 88 (주엽동, 효림빌딩 201호, 205~6호, 3층, 10층)",
일산중심병원,"경기도 고양시 일산서구 미래로 227, 일산중심병원 지하1-지상4층 (덕이동)",031-810-2000
사과나무치과병원,"경기도 고양시 일산서구 중앙로 1450, 사과나무치과병원 (주엽동)",031 913 9000
일산한울요양병원,"경기도 고양시 일산서구 고봉로 291 (일산동, 에이스스타디움7,8층)",031-975-3700
리빙웰치과병원,"경기도 고양시 일산서구 중앙로 1449 (주엽동, 효원빌딩 401호, 601~602호)",031 916 8020
인제대학교일산백병원,경기도 고양시 일산서구 주화로 170 (대화동),031-910-7114
