등록일자,업종,상호,소재지(도로명),
1992-03-27,국내여행업,(주)명진관광여행사,"경기도 고양시 일산동구 탄중로 429, 204호 (중산동, 성지프라자)",
1997-06-17,국내여행업,(주)우리여행,"경기도 고양시 일산동구 중앙로 1130 (마두동,올리브상가 C동 2층 5호)",
1999-03-02,국내여행업,(주)조은여행,"경기도 고양시 일산동구 탄중로 429, 204호 (중산동, 성지프라자)",
1999-03-31,국내여행업,(주) 세연여행사,"경기도 고양시 일산서구 중앙로 1406, 217호 (주엽동, 한솔코아)",
2000-11-13,국내여행업,(주)자유로여행사,"경기도 고양시 일산서구 고양대로 648, 307호 (일산동, 월드메르디앙)",
2000-06-05,국내여행업,(주)한라산가자투어,"경기도 고양시 덕양구 중앙로 440, 303호 (행신동, 센터프라자)",
2002-03-11,국내여행업,(주) 하나팬더여행사,경기도 고양시 일산서구 덕이로 200 (덕이동),
2002-07-03,국내여행업,(주) 에어 네트워크,"경기도 고양시 일산서구 중앙로 1437, 506호 (주엽동,화성프라자)",
2003-05-14,국내여행업,(주)로또투어,"경기도 고양시 일산동구 무궁화로 7-63, 539호 (장항동,우인아크리움2차)",
2005-09-02,국내여행업,일산하나여행사,"경기도 고양시 일산동구 중앙로 1048, 201, 202호 (백석동,일산 르메이에르 프라자 2층)",
2005-12-26,국내여행업,(주) 아름다운여행,"경기도 고양시 일산서구 중앙로 1426, 708호 (주엽동,일송노블레스빌딩)",
2006-04-03,국내여행업,(주) 오이시 여행사,경기도 고양시 일산동구 견달산로225번길 93 (식사동),
2006-04-03,국내여행업,하나 글로벌 여행사,경기도 고양시 일산동구 중앙로 1182 (마두동),
2008-11-21,국내여행업,(주)디엠플러스,"경기도 고양시 일산동구 일산로 142, 511호 (백석동, 유니테크벤처타운)",
2009-04-20,국내여행업,(주)노블레스트랜스포,경기도 고양시 일산동구 은마길 129 (설문동),
2010-02-22,국내여행업,(주)제누인월드,"경기도 고양시 일산동구 중앙로1275번길 60-21, 901호 (장항동, 크리스탈빌딩)",
2010-08-05,국내여행업,(주)진하나여행사,"경기도 고양시 일산서구 덕이로 212, 204호 (덕이동)",
2010-08-17,국내여행업,지니여행사,"경기도 고양시 일산동구 호수로 672, 706호 (장항동,대우메종리브르)",
2004-12-29,국내여행업,우주투어 주식회사,"경기도 고양시 일산서구 고봉로 317, 2층 202호 (일산동, 고봉상가)",
2011-07-21,국내여행업,로또여행사,"경기도 고양시 덕양구 지도로 107, 2층 1호 (토당동)",
2002-06-10,국내여행업,(주)월드투어넷,"경기도 고양시 일산동구 중앙로 1233, 433호 (장항동, 현대타운빌)",
2012-02-27,국내여행업,(주)세한미디어넷,"경기도 고양시 일산동구 정발산로 31-10, 902호 (장항동, 파크프라자)",
2007-09-21,국내여행업,주식회사 유진항공해운,"경기도 고양시 일산동구 중앙로 1011 (백석동, 현대밀라트2차 에이동 323호)",
2012-08-07,국내여행업,(주)내나라관광,"경기도 고양시 덕양구 무원로36번길 54, 205호 (행신동, 예일크리닉빌딩)",
2012-10-14,국내여행업,가온투어(주),"경기도 고양시 덕양구 충장로 7, 204호 (행신동, 미우프라자)",
2013-01-31,국내여행업,주식회사 제이투어,경기도 고양시 일산동구 무궁화로 237 (중산동),
2013-07-01,국내여행업,미도관광여행사,"경기도 고양시 덕양구 중앙로 554, 208호 (행신동, 희성프라자)",
2013-08-05,국내여행업,디케이투어,"경기도 고양시 덕양구 화중로104번길 28 (화정동, 시네마프라자)",
2013-09-30,국내여행업,굿웨이투어(Goodway tour),"경기도 고양시 일산동구 무궁화로 20-18, 하임빌로데오빌딩 508-29호 (장항동)",
2014-03-10,국내여행업,(주)에이투어,"경기도 고양시 덕양구 무원로6번길 61, 지엘리치빌2차 706-1호 (행신동)",
2010-09-17,국내여행업,(주)아이러브투어,"경기도 고양시 덕양구 통일로 343, 삼송메디피아 206호 (신원동)",
2012-09-06,국내여행업,(주)스마일여행사,"경기도 고양시 덕양구 서정마을1로 4-9, 501호 (행신동, 미라클플라자)",
2014-12-04,국내여행업,주식회사 투어이분의 일,"경기도 고양시 덕양구 화정로 65, 106호 (화정동, 한화오벨리스크)",
2015-04-15,국내여행업,와이제이투어(YJ TOUR),"경기도 고양시 덕양구 신원로 35, 103호 (신원동, 현대힐스테이트상가)",
2011-10-31,국내여행업,주식회사 제이디인터내셔널코리아,"경기도 고양시 일산서구 중앙로 1443, 302호 (주엽동, 가람상가)",
2015-08-11,국내여행업,크리에듀,"경기도 고양시 일산동구 백마로 223, 301호 (장항동, 현대 에뜨레보)",
2015-12-08,국내여행업,주식회사 홀리스트,"경기도 고양시 덕양구 통일로 140 (동산동, 삼송테크노밸리)",
2016-02-17,국내여행업,주식회사 이노스닷컴,"경기도 고양시 덕양구 충장로 11, 8층 1,2호 (행신동)",
2012-10-29,국내여행업,주식회사 산책,"경기도 고양시 덕양구 무원로 6, 4층 (행신동, 무원빌딩)",
2011-06-21,국내여행업,우주여행사,"경기도 고양시 덕양구 호국로790번길 93, 1층 (성사동)",
2016-03-21,국내여행업,주식회사 에어비즈투어,"경기도 고양시 덕양구 무원로6번길 12, 151호 (행신동)",
2012-09-26,국내여행업,주식회사 다보여행사,"경기도 고양시 일산동구 호수로 336, 브라운스톤 101동 1511호 (백석동)",
2016-07-07,국내여행업,주식회사 즐거운여행사,"경기도 고양시 일산동구 무궁화로 37, 605호 (장항동, 노블리제)",
2012-11-06,국내여행업,(주)어컴퍼니투어,"경기도 고양시 덕양구 무원로6번길 12, 7층 715호 (행신동, 대흥빌딩)",
2016-09-02,국내여행업,(주)우리동네여행사,"경기도 고양시 일산동구 공릉천로 397, 2층 1호 (지영동)",
2001-12-20,국내여행업,(주)위크엔드여행사,"경기도 고양시 일산서구 중앙로 1388, 3층 319-2호 (주엽동, 태영프라자)",
2017-01-05,국내여행업,주식회사 한석투어,"경기도 고양시 일산서구 고양대로662번길 19, 601호 (일산동)",
2017-02-13,국내여행업,주식회사 엠씨케이(MCK),"경기도 고양시 덕양구 권율대로 894, 7층 703호 (신원동, 새한일프라자)",
2017-02-13,국내여행업,위더스 골프투어,"경기도 고양시 덕양구 충경로 48, 401호 (행신동, 진일프라자2차)",
2013-11-07,국내여행업,(주)프로홍우,"경기도 고양시 덕양구 무원로6번길 12, 204호 (행신동)",
2012-01-04,국내여행업,(주)렛츠고 투어,"경기도 고양시 덕양구 백양로 79, 1층 (화정동, 이마트)",
2010-03-11,국내여행업,(주)명진관광,"경기도 고양시 일산동구 중앙로 1123, 상가동 207호 (백석동, 흰돌마을2단지아파트)",
2015-03-11,국내여행업,여행이 주는 즐거움,"경기도 고양시 덕양구 용현로5번길 24, 203호 (행신동, 백산오피스텔)",
2017-07-03,국내여행업,플라이투어,"경기도 고양시 일산동구 중앙로 1036 (백석동, 베스트 고양터미널)",
2017-07-29,국내여행업,씨엘투어(CL TOUR),"경기도 고양시 덕양구 푸른마을로 6, 1층 123호 (고양동, 고양 e PLAZA)",
2010-11-29,국내여행업,주식회사 내셔널투어시스,"경기도 고양시 덕양구 통일로 345, 유창 프라자 403호 (신원동)",
2017-12-05,국내여행업,(주) 대신해운항공,"경기도 고양시 일산동구 무궁화로 20-38, 406호 (장항동)",
2018-01-02,국내여행업,모드니여행사,"경기도 고양시 일산동구 고봉로770번길 5, 가동 2층 (설문동)",
2018-01-17,국내여행업,좋은 친구들,"경기도 고양시 일산동구 호수로 672, 대우메종리브르 208호 (장항동)",
2012-02-13,국내여행업,모아투어,"경기도 고양시 일산동구 위시티로 81, 풍상트윈시티 2동 202호 (식사동)",
2018-05-15,국내여행업,가자투어,"경기도 고양시 덕양구 중앙로 440, 센타프라자 501호 (행신동)",
2014-02-28,국내여행업,(주)그레이트북스,"경기도 고양시 일산동구 일산로 207, 신현대쇼핑타운 402호 (마두동)",
2018-05-24,국내여행업,민투어(MEAN TOUR),"경기도 고양시 일산동구 중앙로 1305-30, 마이다스 오피스텔 920호 (장항동)",
2018-08-31,국내여행업,주식회사 싱글벙글여행사,"경기도 고양시 일산서구 덕이로 30-20, 양우씨네플렉스 3이-109호호 (덕이동)",
2016-10-24,국내여행업,(주)엔제이티앤알,"경기도 고양시 일산동구 호수로 336, 브라운스톤 103동 1011호 (백석동)",
2019-02-13,국내여행업,안나스투어 주식회사,"경기도 고양시 일산동구 중앙로 1227, 동양메이저빌오피스텔 3층 307호 (장항동)",
2019-02-21,국내여행업,씨유,경기도 고양시 일산동구 백석로71번길 39 (백석동),
2019-03-15,국내여행업,(주)월드원 릴로케이션,"경기도 고양시 일산동구 호수로 672, 대우메종리브르 802호 (장항동)",
2019-04-12,국내여행업,비더비즈,"경기도 고양시 일산동구 무궁화로 43-33, 동하넥서스빌 305호 (장항동)",
2019-04-12,국내여행업,코리아크루즈 여행사,"경기도 고양시 일산동구 호수로 672, 대우메종리브르 1317호 (장항동)",
2019-09-02,국내여행업,(주)두바퀴,경기도 고양시 덕양구 호국로812번길 63 (성사동),
1988-05-05,국외여행업,(합명)고양관광여행사,"경기도 고양시 일산서구 일청로12번길 2-1, 1층 (일산동)",
1998-02-21,국외여행업,(주)나운관광여행사,"경기도 고양시 일산동구 중앙로 1171 (장항동,현대프리켄트빌딩 2층)",
1999-10-13,국외여행업,(주)명진관광여행사,"경기도 고양시 일산동구 탄중로 429, 204호 (중산동, 성지프라자)",
1999-11-02,국외여행업,(주)씨에투어여행사,경기도 고양시 일산동구 중앙로 1171 (장항동),
1999-03-31,국외여행업,(주) 세연여행사,"경기도 고양시 일산서구 중앙로 1406, 217호 (주엽동, 한솔코아)",
2000-11-13,국외여행업,(주)자유로여행사,"경기도 고양시 일산서구 고양대로 648, 307호 (일산동, 월드메르디앙)",
2000-03-07,국외여행업,(주)조은여행,"경기도 고양시 일산동구 탄중로 429, 204호 (중산동, 성지프라자)",
2000-07-10,국외여행업,(주)우리여행,"경기도 고양시 일산동구 중앙로 1130 (마두동,올리브상가 C동 2층 5호)",
2002-07-03,국외여행업,(주) 에어 네트워크,"경기도 고양시 일산서구 중앙로 1437, 506호 (주엽동,화성프라자)",
2002-03-11,국외여행업,(주) 하나팬더여행사,경기도 고양시 일산서구 덕이로 200 (덕이동),
2002-05-15,국외여행업,(주)패밀리월드투어,"경기도 고양시 일산서구 원일로 72, 3층 (일산동)",
2003-03-24,국외여행업,(주)한라산가자투어,"경기도 고양시 덕양구 중앙로 440, 센타프라자 303호 (행신동)",
2003-12-24,국외여행업,(주)투어리더스항공,"경기도 고양시 일산서구 중앙로 1426, 810동 1호 (주엽동,일송노블레스)",
2003-05-14,국외여행업,(주)로또투어,"경기도 고양시 일산동구 무궁화로 7-63, 539호 (장항동,우인아크리움2차)",
2004-01-12,국외여행업,(주) 나들이 국제여행사,경기도 고양시 일산서구 원일로74번길 18 (일산동),
2004-03-12,국외여행업,필 항공 여행사,"경기도 고양시 일산서구 중앙로 1391 (주엽동,레이크타운 3층 S-10)",
2005-04-29,국외여행업,(주) 동방트래블,"경기도 고양시 일산동구 중앙로 1202, 302호 (마두동,3,4 금강프라자빌딩)",
2005-09-02,국외여행업,일산하나여행사,"경기도 고양시 일산동구 중앙로 1048, 201, 202호 (백석동,일산 르메이에르 프라자 2층)",
2005-09-29,국외여행업,(주) 여행세상,"경기도 고양시 일산동구 정발산로 47, 203-1호 (장항동, 웅신프라자)",
2005-11-11,국외여행업,미주랜드,"경기도 고양시 덕양구 충장로 2, 111호 (행신동,외 1필지 센트럴빌딩 1층)",
2005-12-08,국외여행업,(주) 시온여행사,"경기도 고양시 덕양구 화중로 100, 907호 (화정동, 비젼타워21)",
2005-12-26,국외여행업,(주) 아름다운여행,"경기도 고양시 일산서구 중앙로 1426, 708호 (주엽동,일송노블레스빌딩)",
2006-04-03,국외여행업,(주) 오이시 여행사,경기도 고양시 일산동구 견달산로225번길 93 (식사동),
2006-04-03,국외여행업,하나 글로벌 여행사,경기도 고양시 일산동구 중앙로 1182 (마두동),
2007-11-23,국외여행업,(주) 월드탑투어,"경기도 고양시 일산동구 무궁화로 43-15, 204-1호 (장항동, 한강세이프빌)",
2008-01-14,국외여행업,Tour F·C,"경기도 고양시 일산동구 정발산로 24, 2층 제케이-202호 (장항동, 웨스턴돔)",
2008-04-14,국외여행업,비젼 여행사,"경기도 고양시 덕양구 무원로6번길 36, 604호 (행신동, 남정씨티프라자6차)",
2008-07-07,국외여행업,(주)디엠플러스,"경기도 고양시 일산동구 일산로 142, 511호 (백석동, 유니테크벤처타운)",
2008-10-14,국외여행업,(주)쓰리씨투어,"경기도 고양시 일산서구 중앙로 1456, 2층 204호 (주엽동, 서현프라자)",
2008-12-02,국외여행업,(주)망고투어,"경기도 고양시 일산동구 무궁화로 43-33, 404호 (장항동,동하넥서스)",
2009-04-01,국외여행업,(주)여행닷컴,"경기도 고양시 덕양구 화정로 53-1, 글로리아빌딩 405호 (화정동)",
2009-04-15,국외여행업,투어이즈아트(주),"경기도 고양시 일산동구 중앙로 1305-30, 401호 (장항동,삼성마이다스)",
2007-05-17,국외여행업,(주)코라오투어,"경기도 고양시 일산동구 강석로 123, A동 206호 (마두동, 뉴삼창마트)",
2009-11-13,국외여행업,(주)킨덱스투어,"경기도 고양시 일산동구 숲속마을로 40, 201호 (풍동,유진프라자)",
2010-02-22,국외여행업,(주)제누인월드,"경기도 고양시 일산동구 중앙로1275번길 60-21, 901호 (장항동, 크리스탈빌딩)",
2005-12-14,국외여행업,(주)토니여행사,"경기도 고양시 일산동구 장백로 19, 1035호 (백석동, 더루벤스카운티)",
2010-07-19,국외여행업,한중 하이코리아,"경기도 고양시 일산서구 원일로 91-1, 2층 (일산동)",
2010-08-05,국외여행업,(주)진하나여행사,"경기도 고양시 일산서구 덕이로 212, 204호 (덕이동)",
2004-12-29,국외여행업,우주투어 주식회사,"경기도 고양시 일산서구 고봉로 317, 202호 (일산동, 고봉상가)",
2010-10-01,국외여행업,하나여행사,"경기도 고양시 일산서구 대화로 362 (대화동, 농수산물유통센터 1층)",
2011-04-01,국외여행업,(주)주현여행사,경기도 고양시 덕양구 용현로 20 (행신동),
2011-05-23,국외여행업,롯데관광덕양주식회사,"경기도 고양시 덕양구 화정로 53-1, 213호 (화정동,글로리아빌딩)",
2000-01-26,국외여행업,(주)자연여행,"경기도 고양시 일산서구 중앙로 1376 (주엽동,강선마을 제상가동 비동 2층 12호)",
2011-08-26,국외여행업,굿웨이투어(Goodway tour),"경기도 고양시 일산동구 무궁화로 20-18, 하임빌로데오빌딩 508-29호 (장항동)",
2006-09-26,국외여행업,(주)무비투어,"경기도 고양시 덕양구 화신로260번길 57, 2층 233호 (화정동)",
2002-06-10,국외여행업,(주)월드투어넷,"경기도 고양시 일산동구 중앙로 1233, 433호 (장항동, 현대타운빌)",
2011-12-22,국외여행업,롯데티엔에스(주),"경기도 고양시 일산동구 중앙로 1283, 10층 (장항동, 롯데백화점 일산점 )",
2012-04-12,국외여행업,(주)투어세계로,"경기도 고양시 덕양구 지도로 108, 3층 (토당동)",
2012-05-11,국외여행업,스토리투어,"경기도 고양시 일산동구 무궁화로 7-45, 1213호 (장항동, 양우로데오시티플러스)",
2007-09-21,국외여행업,(주)유진항공해운,"경기도 고양시 일산동구 중앙로 1011, 323호 (백석동, 현대밀라트 2차 에이동)",
2012-08-07,국외여행업,(주)내나라관광,"경기도 고양시 덕양구 무원로36번길 54, 205호 (행신동, 예일크리닉빌딩)",
2012-10-23,국외여행업,린투어(주),"경기도 고양시 덕양구 무원로6번길 12, 513호 (행신동, 대흥프라자)",
2005-12-21,국외여행업,(주)상상투어,"경기도 고양시 덕양구 통일로 140, C동 212호 (동산동, 삼송테크노밸리)",
2013-01-31,국외여행업,주식회사 제이투어,경기도 고양시 일산동구 무궁화로 237 (중산동),
2004-03-15,국외여행업,(주)세모여행사,"경기도 고양시 일산동구 호수로 358-25, 동문타워II 624호 (백석동)",
2013-07-01,국외여행업,미도관광여행사,"경기도 고양시 덕양구 중앙로 554, 208호 (행신동, 희성프라자)",
2013-07-16,국외여행업,몽마르뜨와 돌하르방,"경기도 고양시 일산동구 호수로 358-39, 동문타워I (백석동)",
2013-08-01,국외여행업,쌔스여행사,"경기도 고양시 덕양구 은빛로 39, 401호 (화정동, 세은빌딩)",
2013-11-28,국외여행업,(주)은혜탑항공,"경기도 고양시 덕양구 화정로 69, 204호 (화정동, 한화꿈에그린상가)",
2014-01-10,국외여행업,(주)시간여행,"경기도 고양시 일산동구 애니골길 26-11, 나동 301호 (풍동, 삼성다빈치)",
2014-03-04,국외여행업,저스트투어,"경기도 고양시 일산동구 정발산로 24, 웨스턴돔1 4층 제티1-401호 (장항동)",
2014-03-10,국외여행업,(주)세하에이앤씨,"경기도 고양시 일산동구 백마로213번길 12, 1011호 (장항동, 한솔프레미낭)",
2006-09-06,국외여행업,(주)닛시솔루션앤투어,"경기도 고양시 일산서구 호수로 817, 147호 (대화동, 레이킨스몰)",
2014-03-26,국외여행업,(주)하나여행,"경기도 고양시 덕양구 동송로 20, 1층 (동산동, 삼송농산물유통센터)",
2014-04-08,국외여행업,인앤인,"경기도 고양시 덕양구 화중로 32-31, 5층 502호 (화정동)",
2014-04-29,국외여행업,타이프렌즈,"경기도 고양시 덕양구 신도2길 105 (삼송동, 외2필지(266,267))",
2014-06-09,국외여행업,제이디 투어,"경기도 고양시 일산서구 중앙로 1456, 420호 (주엽동, 서현프라자)",
2010-09-17,국외여행업,(주)아이러브투어,"경기도 고양시 덕양구 통일로 343, 삼송메디피아 206호 (신원동)",
2004-11-09,국외여행업,세은여행사,"경기도 고양시 일산서구 중앙로 1470, B동 202호 (주엽동, 동부썬프라자)",
2014-08-05,국외여행업,(주)썸투어,"경기도 고양시 일산동구 정발산로 43-20, 센트럴프라자 302,306호 (장항동)",
2014-09-19,국외여행업,사우스타이,"경기도 고양시 일산동구 무궁화로 32-23, 709호 (장항동, 우림보보카운티2)",
2008-10-02,국외여행업,홀로투어 투디코여행사,"경기도 고양시 일산서구 산현로 14, 110호 (일산동, 신성지상가)",
2012-09-06,국외여행업,(주)스마일여행사,"경기도 고양시 덕양구 서정마을1로 4-9, 501호 (행신동, 미라클플라자)",
2014-10-27,국외여행업,주식회사 팔도쇼핑천국대부,"경기도 고양시 일산서구 일산로 806, 비107호 (대화동, 장성마을3단지)",
2014-11-17,국외여행업,주식회사 이룸여행사,경기도 고양시 일산서구 송산로 498-9 (덕이동),
2014-11-19,국외여행업,(주)에듀삼육,"경기도 고양시 덕양구 화중로 100, 203호 (화정동)",
2014-11-24,국외여행업,애니투어월드,"경기도 고양시 일산서구 중앙로 1565, 802,803호 (대화동, 메드위즈빌딩 )",
2014-12-03,국외여행업,주식회사 투어이분의 일,"경기도 고양시 덕양구 화정로 65, 106호 (화정동, 한화오벨리스크)",
2014-12-05,국외여행업,에스지여행,"경기도 고양시 일산서구 중앙로 1493, 1203동 1001호 (주엽동, 문촌마을12단지아파트)",
2015-04-15,국외여행업,와이제이투어(YJ TOUR),"경기도 고양시 덕양구 신원로 35, 103호 (신원동, 현대힐스테이트상가)",
2009-10-16,국외여행업,(주)제임스투어,"경기도 고양시 덕양구 중앙로 548, 현대프라자 301호 (행신동)",
2015-05-15,국외여행업,오픈월드,"경기도 고양시 덕양구 삼송로 94-12, 하나타워 101호 (삼송동)",
2015-06-16,국외여행업,(주)나눔투어,"경기도 고양시 덕양구 백양로 79 (화정동, 이마트)",
2011-10-31,국외여행업,주식회사 제이디 인터내셔널코리아,"경기도 고양시 일산서구 중앙로 1443, 302호 (주엽동, 가람상가)",
2015-07-22,국외여행업,주식회사 다솔투어,경기도 고양시 덕양구 삼송로136번길 87-0 (삼송동),
2015-08-11,국외여행업,크리에듀,"경기도 고양시 일산동구 백마로 223, 301호 (장항동, 현대 에뜨레보)",
2015-08-17,국외여행업,이지레일,"경기도 고양시 일산서구 일현로 97-11, 103동 3503호 (탄현동, 일산 위브더제니스)",
2015-11-14,국외여행업,여행아이,"경기도 고양시 덕양구 충장로475번길 14-5, 1층 29호 (성사동, 효동상가)",
2015-12-08,국외여행업,주식회사 홀리스트,"경기도 고양시 덕양구 통일로 140, A동 236호 (동산동, 삼송테크노밸리)",
2015-12-28,국외여행업,케이제이투어,"경기도 고양시 일산동구 장항로 382-21, 2층 (장항동)",
2016-01-15,국외여행업,위더스 골프투어,"경기도 고양시 덕양구 충경로 48, 401호 (행신동, 진일프라자2차)",
2016-01-22,국외여행업,주식회사 수여행사,"경기도 고양시 일산동구 중앙로 1283, 10층 (장항동, 롯데백화점일산점)",
2016-03-08,국외여행업,플러스투어(PLUS TOUR),"경기도 고양시 일산서구 호수로 817 (대화동, 홈플러스 킨텍스점 B1)",
2011-06-16,국외여행업,우주여행사,"경기도 고양시 덕양구 호국로790번길 93, 1층 (성사동)",
2016-03-21,국외여행업,(주)에어비즈투어,"경기도 고양시 덕양구 무원로6번길 12, 515호 (행신동)",
2012-09-26,국외여행업,주식회사 다보여행사,"경기도 고양시 일산동구 호수로 336, 브라운스톤 101동 1511호 (백석동)",
2009-06-26,국외여행업,제일여행사,"경기도 고양시 일산동구 중앙로 1182, 올림픽스포츠센터 105호 (마두동)",
2010-10-03,국외여행업,모두플러스투어,"경기도 고양시 덕양구 화정로 52, 5층 5033호 (화정동, 세이브존)",
2012-09-24,국외여행업,원월드몰,경기도 고양시 덕양구 통일로 1214 (내유동),
2007-04-03,국외여행업,주식회사 플러스투어,"경기도 고양시 덕양구 중앙로557번길 8-9, 301-2호 (행신동, M&G프라자)",
2012-11-06,국외여행업,(주)어컴퍼니투어,"경기도 고양시 덕양구 무원로6번길 12-10523, 7층 715호 (행신동, 대흥빌딩)",
2013-02-26,국외여행업,눈꽃위의 오로라,"경기도 고양시 일산서구 중앙로 1456, 6층 603-1호 (주엽동, 서현프라자)",
2016-10-14,국외여행업,(주)호산,"경기도 고양시 덕양구 세솔로 70, B1호 (삼송동)",
2016-05-03,국외여행업,여행캠프,"경기도 고양시 일산동구 무궁화로 32-12, e동 4층 401호 (장항동, 라페스타E)",
2016-11-22,국외여행업,탑비자여행사,"경기도 고양시 일산동구 장백로 194, 805,806(B03)호 (장항동, 위너스21)",
2016-12-02,국외여행업,주식회사 거인투어,"경기도 고양시 일산동구 무궁화로 42-38, 범진빌딩 406호 (장항동)",
2001-12-20,국외여행업,(주)위크엔드여행사,"경기도 고양시 일산서구 중앙로 1388, 3층 319-2호 (주엽동, 태영프라자)",
2017-02-13,국외여행업,주식회사 엠씨케이(MCK),"경기도 고양시 덕양구 권율대로 894, 703호 (신원동, 새한일프라자)",
2012-01-04,국외여행업,(주)렛츠고 투어,"경기도 고양시 덕양구 백양로 79, 1층 (화정동, 이마트)",
2014-04-16,국외여행업,(주)에듀비전,"경기도 고양시 일산동구 정발산로 24, 8층 T1-814호 (장항동, 웨스턴돔1)",
2017-03-16,국외여행업,딜라앤여행,"경기도 고양시 일산동구 일산로 46, 209호 (백석동, 남정씨티프라자)",
2017-03-23,국외여행업,노마드클럽 여행사,"경기도 고양시 일산서구 일산로 774, 201호 (대화동, 리더스프라자2)",
2017-05-17,국외여행업,코쿠,"경기도 고양시 일산동구 고봉로 270, 2층 (중산동, 좌측)",
2017-05-22,국외여행업,일산마두탑항공,"경기도 고양시 일산동구 중앙로 1189, 503호 (장항동, GM굿모닝 법조타운)",
2017-05-22,국외여행업,e일산마두탑항공,"경기도 고양시 일산동구 중앙로 1189, 503호 (장항동, GM굿모닝 법조타운)",
2017-07-03,국외여행업,플라이투어,"경기도 고양시 일산동구 중앙로 1036 (백석동, 베스트 고양터미널)",
2017-07-14,국외여행업,트립포미(TRIP FOR ME),"경기도 고양시 일산동구 중앙로1275번길 86-1, 중앙 하이츠빌 1214호 (장항동)",
2017-07-28,국외여행업,씨엘투어(CL TOUR),"경기도 고양시 덕양구 푸른마을로 6, 1층 123호 (고양동, 고양 e PLAZA)",
2017-09-07,국외여행업,잠자리날개,"경기도 고양시 일산동구 중앙로 1227, 209-2호 (장항동, 동양메이저빌오피스텔)",
2012-10-25,국외여행업,오케이버디,경기도 고양시 덕양구 도래울2로 9-1 (도내동),
2017-10-23,국외여행업,(주)제이앤커뮤니티,"경기도 고양시 일산동구 정발산로 15, 703호 (장항동, 드림월드빌딩)",
2017-11-06,국외여행업,주식회사 유레일투어패스,"경기도 고양시 일산동구 정발산로 24, T3-617호 (장항동)",
2017-11-13,국외여행업,주식회사 로마달구지여행,"경기도 고양시 일산동구 정발산로 24, T3-617호 (장항동)",
2015-11-10,국외여행업,(주)인스앤,"경기도 고양시 일산동구 호수로 336, 103동 1304호 (백석동)",
2017-12-05,국외여행업,(주)대신해운항공,"경기도 고양시 일산동구 무궁화로 20-38, 406호 (장항동)",
2018-01-17,국외여행업,좋은 친구들,"경기도 고양시 일산동구 호수로 672, 대우메종리브르 208호 (장항동)",
2018-02-12,국외여행업,주식회사 한이,"경기도 고양시 덕양구 화신로260번길 26, 동민프라자빌딩 지층 101-가호 (화정동)",
2007-09-17,국외여행업,나라여행,"경기도 고양시 덕양구 권율대로 894, 새한일프라자 301호 (신원동)",
2012-02-13,국외여행업,모아투어,"경기도 고양시 일산동구 위시티로 81, 풍산트윈시티 2동 202호 (식사동)",
2018-03-16,국외여행업,블루오션다이브&트래블,경기도 고양시 일산서구 대산로223번길 8-24 (대화동),
2018-04-10,국외여행업,주식회사 케이티엠,"경기도 고양시 일산서구 강성로 147, 동문씨티프라자 505-4호 (주엽동)",
2018-04-19,국외여행업,다이렉트엠,"경기도 고양시 덕양구 은빛로 41, 대경프라자 910호 (화정동)",
2018-04-25,국외여행업,코리아크루즈 여행사,"경기도 고양시 일산동구 호수로 672, 대우메종리브르 13층 1317호 (장항동)",
2018-04-25,국외여행업,주식회사 네이처포스트,"경기도 고양시 일산동구 정발산로 24, 웨스턴돔1 T2-708호 (장항동)",
2018-05-15,국외여행업,가자투어,"경기도 고양시 덕양구 중앙로 440, 센타프라자 501호 (행신동)",
2014-02-28,국외여행업,(주)그레이트북스,"경기도 고양시 일산동구 일산로 207, 신현대쇼핑타운 402호 (마두동)",
2018-05-24,국외여행업,민투어(MEAN TOUR),"경기도 고양시 일산동구 중앙로 1305-30, 마이다스 오피스텔 920호 (장항동)",
2018-07-02,국외여행업,NS투어,"경기도 고양시 일산서구 산현로78번길 23, 선명프라자 2층 206-2호 (일산동)",
2018-07-19,국외여행업,오모로이재팬,"경기도 고양시 일산동구 강송로87번길 53-7, 지층 101호 (백석동)",
2018-08-31,국외여행업,주식회사 싱글벙글여행사,"경기도 고양시 일산서구 덕이로 30-20, 양우씨네플렉스 3이-109호호 (덕이동)",
2018-09-27,국외여행업,바나바여행사(BANABAS TOUR),"경기도 고양시 덕양구 호국로 1132, 2층 (원당동)",
2018-10-02,국외여행업,삼송탑,"경기도 고양시 덕양구 통일로 343, 706호 (신원동)",
2018-10-04,국외여행업,에스제이탑투어,"경기도 고양시 일산서구 덕산로244번길 59-14, 1층 (덕이동)",
2016-04-29,국외여행업,(주)스타인월드,"경기도 고양시 일산동구 호수로 336, 브라운스톤 102동 217호 (백석동)",
2018-10-22,국외여행업,주식회사 산책,"경기도 고양시 덕양구 무원로 6, 무원빌딩 4층 402-1호 (행신동)",
2016-09-12,국외여행업,(주)엔제이티앤알,"경기도 고양시 일산동구 호수로 336, 브라운스톤 103동 1011호 (백석동)",
2018-12-21,국외여행업,메트로퀵투어,경기도 고양시 일산동구 성현로 369 (문봉동),
2019-02-13,국외여행업,안나스투어 주식회사,"경기도 고양시 일산동구 중앙로 1227, 동양메이저빌오피스텔 3층 307호 (장항동)",
2007-11-22,국외여행업,(주)유나이티드트래블,"경기도 고양시 일산동구 고봉로 32-9, 양우로데오시티 924호 (장항동)",
2019-02-21,국외여행업,씨유,경기도 고양시 일산동구 백석로71번길 39 (백석동),
2019-03-12,국외여행업,다연,"경기도 고양시 일산동구 강송로 33, 318호 (백석동, 일산요진와이시티)",
2019-03-15,국외여행업,(주)월드원 릴로케이션,"경기도 고양시 일산동구 호수로 672, 대우메종리브르 802호 (장항동)",
2019-03-29,국외여행업,보라카이투어,"경기도 고양시 덕양구 통일로 343, 삼송메디피아빌딩 704호 (신원동)",
2019-04-08,국외여행업,주식회사 골프투어메카,"경기도 고양시 일산서구 덕이로 30-24, 양우씨네플렉스 2층 제3에프-201호 (덕이동)",
2019-04-12,국외여행업,트래블쇼퍼(Travel Shopper),"경기도 고양시 일산동구 호수로 596, 엠비씨드림센터 1층 제1-1133호 (장항동)",
2019-01-21,국외여행업,재팬투어리스트센터,"경기도 고양시 일산서구 일산로 774, 리더스프라자2 201, 202호 (대화동)",
2019-04-15,국외여행업,비더비즈,"경기도 고양시 일산동구 무궁화로 43-33, 동하넥서스빌 305호 (장항동)",
2019-05-28,국외여행업,스타엔터투어,"경기도 고양시 일산동구 호수로 646-24, 위너스21 II 209-84호 (장항동)",
2016-03-16,국외여행업,마젤란여행,"경기도 고양시 일산동구 중산로 247, 중산프라자 402-1호 (중산동)",
2019-05-30,국외여행업,주식회사 오마이투어,"경기도 고양시 일산동구 중앙로 1129, 서관 2018호 대우비즈니스센터 233호 (장항동, 호수마을1단지아파트)",
2018-01-29,국외여행업,주식회사 블루트래블,"경기도 고양시 일산서구 하이파크3로 111, 209동 2003호 (덕이동, 하이파크시티일산파밀리에2단지)",
2019-08-05,국외여행업,세계로 자유투어,"경기도 고양시 일산동구 일산로 38, 우림오피스텔 305호 (백석동)",
2019-08-05,국외여행업,더존투어주식회사,"경기도 고양시 일산동구 중앙로 1206, 뉴코아백화점일산점 9층 (마두동)",
2005-05-18,국외여행업,(주)케이메세,"경기도 고양시 덕양구 삼원로2길 6-7, 102호 (삼송동)",
2019-08-20,국외여행업,나무여행사,"경기도 고양시 일산동구 중앙로 1011, 현대밀라트II A동 615호 (백석동)",
2019-08-22,국외여행업,필드 프렌드,"경기도 고양시 일산동구 무궁화로 20-38, 로데오탑 703,704,705호 (장항동)",
2019-09-18,국외여행업,이레여행사 유한회사(IRE LC),"경기도 고양시 일산동구 정발산로 15, 드림월드빌딩 4층 408호 (장항동)",
2019-09-30,국외여행업,삼우,경기도 고양시 덕양구 통일로1170번길 135-46 (내유동),
2019-10-04,국외여행업,티피트레블,"경기도 고양시 일산동구 일산로 38, 우림보보카운티 306호 (백석동)",
2000-11-30,일반여행업,(주)엑소더스,"경기도 고양시 일산동구 중앙로 1305-30, 505호 (장항동, 마이다스 오피스텔)",
2004-08-02,일반여행업,(주)클럽스카이,"경기도 고양시 덕양구 화중로 98, 601호 (화정동,광성프라자)",
2009-08-28,일반여행업,(주)한남여행사,경기도 고양시 일산동구 애니골길 128 (풍동),
2009-04-02,일반여행업,이코리아투어여행사,경기도 고양시 덕양구 중앙로152번길 4-20 (화전동),
2010-05-31,일반여행업,(주)중한해외연수원,"경기도 고양시 일산서구 강선로 49, 524호 (주엽동,일산비스타오피스텔)",
2010-08-26,일반여행업,(주)에이치디투어,"경기도 고양시 일산서구 호수로 817 (대화동,현대백화점 9층 여행데스크)",
2011-08-01,일반여행업,(주)에이스투어,"경기도 고양시 일산동구 위시티로 75 (식사동,풍산트윈시티 1동105호)",
2012-02-13,일반여행업,(주)리엔씨,"경기도 고양시 일산동구 일산로 138, 1011호 (백석동, 일산테크노타운)",
2013-04-10,일반여행업,티엘비유글로벌아이앤씨(주),경기도 고양시 덕양구 내유길 265 (내유동),
2013-04-23,일반여행업,에이플랙스(주),"경기도 고양시 일산동구 호수로 662, 218호 (장항동, 삼성라끄빌)",
2013-05-28,일반여행업,(주)서신국제,"경기도 고양시 덕양구 호국로 773, 코스모프라자빌딩 301호 (주교동)",
2010-03-10,일반여행업,(주)씨티에스코리아,"경기도 고양시 일산동구 중앙로 1305-30 (장항동, 일산마이다스)",
2014-01-15,일반여행업,(주)위드씨엠티,"경기도 고양시 일산동구 중앙로1275번길 60-30 (장항동, 일산라페스타 비동 307호)",
2014-02-05,일반여행업,(주)정풍투어,"경기도 고양시 일산동구 중앙로 1011, 217호 (백석동, 에이동)",
2014-01-22,일반여행업,(주)호호투어,경기도 고양시 덕양구 화신로272번길 58 (화정동),
2011-07-11,일반여행업,(주)코리아시티트레블,"경기도 고양시 일산동구 장백로 20, 102동 718호 (백석동, 동문굿모닝힐)",
2014-07-31,일반여행업,(주)이이브이,경기도 고양시 일산동구 문봉길62번길 32-51 (문봉동),
2013-04-09,일반여행업,파마잔 주식회사,"경기도 고양시 일산서구 일중로 17, 3층 303호 (일산동)",
2013-03-14,일반여행업,주식회사 코틴스,"경기도 고양시 일산동구 강석로 145, 2층 3호 (마두동)",
2014-10-22,일반여행업,주식회사 순수공간,"경기도 고양시 덕양구 화중로130번길 13, 지하층 (화정동)",
2011-04-20,일반여행업,주식회사 피앤피코리아,"경기도 고양시 일산동구 정발산로 24, 웨스턴돔3 616호 (장항동)",
2014-11-06,일반여행업,새론팜,"경기도 고양시 일산서구 중앙로 1471, 209호 (주엽동, 대우레시티상가)",
2014-12-02,일반여행업,(유)케이투지비에스,"경기도 고양시 일산서구 일산로 774 (대화동, 리더스프라자2)",
2014-12-24,일반여행업,주식회사 비티메디,"경기도 고양시 일산동구 백마로 195, 오피스동 3006호 (장항동, sk엠시티)",
2015-02-09,일반여행업,마노,"경기도 고양시 일산동구 고봉로 20-26, 319호 (장항동, 코오롱레이크폴리스3, 제A동)",
2011-10-05,일반여행업,뉴코리아투어(주),"경기도 고양시 일산서구 중앙로 1391, 305호 (주엽동, 레이크타운)",
2012-07-25,일반여행업,(주)하나여행사 이지,경기도 고양시 일산서구 송산로 369 (가좌동),
2012-02-10,일반여행업,(주)비티컨설팅,"경기도 고양시 일산서구 중앙로 1493, 2102호 (주엽동, 애비뉴상가)",
2015-06-02,일반여행업,고트래블코리아(Goh Travel Korea),"경기도 고양시 일산동구 정발산로42번길 38, 1012호 (장항동, 라이저오피스텔)",
2010-09-08,일반여행업,(주)탑플라이트트래블,"경기도 고양시 일산동구 정발산로 43-20, 센트럴프라자 301호 (장항동)",
2015-07-31,일반여행업,주식회사 한류,"경기도 고양시 일산서구 강성로 139, 501호 (주엽동, 화인빌동)",
2014-10-31,일반여행업,주식회사 아리바바,"경기도 고양시 덕양구 호국로 773, 302호 (주교동, 코스모프라자빌딩)",
2016-05-02,일반여행업,주식회사 모든투어,"경기도 고양시 일산서구 중앙로 1581, 1016호 (대화동, 하이투모로)",
2016-06-28,일반여행업,주식회사 조은교육,"경기도 고양시 덕양구 무원로6번길 36, 남정씨티프라자6차 706호 (행신동)",
2016-07-12,일반여행업,주식회사 모두를위한관광,"경기도 고양시 덕양구 중앙로 542, 1014호 (행신동, 세신훼미리타운)",
2016-11-02,일반여행업,(주)지에이산업관광,"경기도 고양시 일산서구 중앙로 1576, 801호 (대화동, 태진프라자)",
2016-11-24,일반여행업,워터트리,"경기도 고양시 일산서구 중앙로 1542, 신동아노블타워 411-4호 (대화동)",
2017-02-22,일반여행업,리프레쉬투어,"경기도 고양시 일산동구 중앙로1261번길 19, 204호 (장항동, 호수광장빌딩)",
2017-02-23,일반여행업,(주)만인투어여행사,경기도 고양시 덕양구 보광로 325-14 (벽제동),
2017-03-13,일반여행업,(주)에스케이골프투어,"경기도 고양시 일산동구 중앙로1275번길 60-21, 5층 507호 (장항동, 크리스탈빌딩)",
2017-03-24,일반여행업,투어미소,"경기도 고양시 일산동구 동국로 32, 동국대학교 산학협력관 325호 (식사동)",
2017-04-26,일반여행업,주식회사 더세나,"경기도 고양시 일산동구 호수로 646-30, 804호 (장항동, 신풍프라자)",
2017-01-16,일반여행업,오름투어 주식회사,"경기도 고양시 덕양구 삼원로 18-1, 1층 102호 (삼송동)",
2017-06-07,일반여행업,마하나임 관광 개발,"경기도 고양시 덕양구 화중로138번길 17, 1층 (화정동)",
2017-07-12,일반여행업,와이에비뉴투어(Y AVENUE TOUR),"경기도 고양시 일산동구 중앙로1275번길 38-10, 우림로데오스위트 1118호 (장항동)",
2017-08-08,일반여행업,(주)투어나라,"경기도 고양시 일산서구 중앙로 1456, 603호 (주엽동, 서현프라자)",
2017-08-21,일반여행업,(주)한섬코리아,"경기도 고양시 일산동구 무궁화로 7-63, 1145호 (장항동, 우인아크리움빌II)",
2011-06-17,일반여행업,(주)한국국제상무중심,"경기도 고양시 덕양구 삼송로 12, 817호 (원흥동)",
2017-09-13,일반여행업,유자Travel,"경기도 고양시 일산동구 호수로 646-24, 208-231호 (장항동, 위너스21 II)",
2017-09-22,일반여행업,아웃도어투어,"경기도 고양시 일산동구 중앙로 1011, A동 815호 (백석동, 현대밀라트II)",
2017-10-18,일반여행업,주식회사 어울림웨딩홀,"경기도 고양시 일산동구 성석로 32, 202호 (중산동)",
2014-10-03,일반여행업,마이투어코리아,"경기도 고양시 일산동구 정발산로 24, T4-614호 (장항동)",
2017-12-26,일반여행업,제이더블유투어,"경기도 고양시 일산동구 정발산로 43-20, 센트럴프라자 301호 (장항동)",
2018-01-09,일반여행업,(주)메가트래블네트워크,"경기도 고양시 일산동구 호수로 358-39, 동문타워I 1017호 (백석동)",
2018-01-22,일반여행업,주식회사 두레(Dure Co. Ltd),"경기도 고양시 일산동구 무궁화로 20-18, 하임빌로데오빌딩 111호 (장항동)",
2017-01-17,일반여행업,(주)그랜드시티나인,"경기도 고양시 일산동구 장백로 19, 더루벤스카운티 501호 (백석동)",
2018-04-19,일반여행업,프로메딕,"경기도 고양시 일산서구 탄중로101번길 13, 201호 (덕이동)",
2018-06-20,일반여행업,주식회사 대성관광,"경기도 고양시 일산동구 정발산로 24, 웨스턴돔2 410호 (장항동)",
2018-07-04,일반여행업,링크투어,"경기도 고양시 일산동구 중앙로 1200, 삼희골드프라자 902호 (마두동)",
2018-07-09,일반여행업,어울림관광협동조합,"경기도 고양시 덕양구 마상로126번길 103, 세원빌딩 302호 (주교동)",
2011-03-30,일반여행업,패키지코리아,"경기도 고양시 덕양구 화신로260번길 57, 요진타워 720호 (화정동)",
2018-08-28,일반여행업,주식회사 에코들리,"경기도 고양시 일산서구 호수로856번길 37-19, 지하1층 (대화동)",
2018-08-31,일반여행업,주식회사 조이풀아트,"경기도 고양시 덕양구 토당로168번길 44, 1층 상가101호 (토당동)",
2018-10-15,일반여행업,(주)인텔리전스,"경기도 고양시 덕양구 고양대로 1393, 407호 (성사동)",
2018-05-18,일반여행업,여행가방,"경기도 고양시 일산서구 대화로398번길 37-12, 1층 (대화동)",
2018-11-05,일반여행업,(주)이투어프라자,"경기도 고양시 일산서구 중앙로 1456, 서현프라자 603-1호 (주엽동)",
2018-12-05,일반여행업,주식회사 씨케이여행사,"경기도 고양시 덕양구 화정로 53-1, 글로리아프라자 219호 (화정동)",
2018-12-05,일반여행업,(주)씨에이에프코리아,"경기도 고양시 일산동구 호수로 358-25, 동문타워II 318,319호 (백석동)",
2019-03-15,일반여행업,(주)월드원 릴로케이션,"경기도 고양시 일산동구 호수로 672, 대우메종리브르 802호 (장항동)",
2019-03-21,일반여행업,(주)비즈탑코리아,"경기도 고양시 덕양구 은빛로 43, 은하수빌딩 903호 (화정동)",
2019-04-24,일반여행업,주식회사 명성투어 여행사,"경기도 고양시 일산서구 홀트로 66, 동화프라자 3층 (탄현동)",
2019-04-26,일반여행업,주식회사 남가투어,"경기도 고양시 일산동구 백마로 195, 엠시티타워&엠시티오피스텔 7층 7001-7호 (장항동)",
2019-04-26,일반여행업,트립스캐너 주식회사,"경기도 고양시 일산동구 중앙로1275번길 60-30, 라페스타B동 4층 로켓티어 50호 (장항동)",
2019-05-13,일반여행업,일리투어,"경기도 고양시 일산동구 중앙로 1171, 현대프리젠트 3층 316호 (장항동)",
2019-05-22,일반여행업,(주)코리아건강관광,"경기도 고양시 일산동구 산두로 38, 1층 (마두동)",
2019-06-10,일반여행업,나이스투어(NICE TOUR),"경기도 고양시 덕양구 화중로 96, 우정프라자 3층 307호 (화정동)",
2019-06-26,일반여행업,(주)민정메디투어,"경기도 고양시 일산동구 호수로 646-24, 위너스21 II 208호 (장항동)",
2019-07-02,일반여행업,(주)오투투어,"경기도 고양시 덕양구 은빛로 53, 코스미온빌 209호 (화정동)",
2015-12-30,일반여행업,하나로트레블이즈 주식회사,"경기도 고양시 덕양구 화중로 32-17, 예일세띠앙오피스텔 806호 (화정동)",
2019-07-31,일반여행업,에드원여행사(ADDONE TOUR),"경기도 고양시 일산동구 호수로 358-25, 동문타워II 214호 (백석동)",
2019-08-08,일반여행업,(주)아리투어,"경기도 고양시 일산서구 한류월드로 300, 원마운트 1222호 (대화동)",
2019-09-09,일반여행업,케이지아 솔루션 주식회사,"경기도 고양시 일산동구 무궁화로 8-28, 삼성메르헨하우스 1023호 (장항동)",
2019-10-25,일반여행업,주식회사 오케이여행사,"경기도 고양시 덕양구 호국로 798, 삼성홈타워오피스텔 602호 (성사동)",
,,,,
