약국명칭,약국전화번호,약국소재지(도로명)
내유푸른약국,031-968-7611,"경기도 고양시 덕양구 내유길 27, 1층 (내유동)"
우리들약국,02-371-0052,"경기도 고양시 덕양구 권율대로 900, 105호 (신원동)"
장수약국,031-966-6928,"경기도 고양시 덕양구 도래울로 42-5, 103호 (도내동)"
송약국,031-972-7482,"경기도 고양시 덕양구 무원로6번길 20, M타워 101호 (행신동)"
고양힐약국,031-967-7744,"경기도 고양시 덕양구 보광로 2, 1층 일부호 (고양동)"
별빛약국,02-381-9354,"경기도 고양시 덕양구 삼송로 88, 오성프라자 103호 (삼송동)"
올리브약국,02-381-5570,"경기도 고양시 덕양구 동세로 86, 삼송프라자 103호 (삼송동)"
라인건강약국,02-381-2231,"경기도 고양시 덕양구 권율대로 885, 태웅PLAZA 105호 (신원동)"
도래울약국,031-967-7180,"경기도 고양시 덕양구 도래울로 110, 테마시티 119호 (도내동)"
곰돌이약국,02-381-7792,"경기도 고양시 덕양구 덕수천2로 150, 상가동 2층 28호 (동산동)"
경희행복한약국,031-971-7767,"경기도 고양시 덕양구 중앙로 559, 그랑프리빌딩 105호 (행신동)"
밝은미소약국,031-972-7512,"경기도 고양시 덕양구 화신로272번길 58, 영프라자빌딩 405호 (화정동)"
화정하나로약국,031-968-5113,"경기도 고양시 덕양구 화정로 47, 304호 (화정동, 동원텔)"
푸른솔약국,070-4217-3902,"경기도 고양시 덕양구 충장로 150, 롯데마트 고양점 2층 (행신동)"
더불어약국,02-371-0180,"경기도 고양시 덕양구 삼송로 190-5, 1층 2호 (삼송동)"
나누는기쁨약국,031-962-1270,"경기도 고양시 덕양구 도래울로 104, KB골든타워 108호 (도내동)"
새한솔약국,031-971-1559,"경기도 고양시 덕양구 충경로 87, 대명상가 2층 (행신동)"
1004 약국,02-381-5052,"경기도 고양시 덕양구 동세로 19, 아카메디 105호 (동산동)"
가장약국,031-962-4810,경기도 고양시 덕양구 동헌로1번길 7 (관산동)
미래온누리약국,031-938-0355,"경기도 고양시 덕양구 토당로 115, 금호프라자 1층 119,125,126,127호 (토당동)"
미약국,031-971-2033,"경기도 고양시 덕양구 토당로 54, 충정회관 1층 (토당동)"
참사랑약국,031-979-6133,"경기도 고양시 덕양구 화중로 32-31, 효원빌딩 101호 (화정동)"
삼송역 3번출구 약국,02-381-4532,"경기도 고양시 덕양구 동송로 69, 105호 (삼송동)"
삼송프라자약국,070-7591-3695,"경기도 고양시 덕양구 신원로 40, 삼송시티프라자 107호 (신원동)"
신정문약국,031-962-3035,경기도 고양시 덕양구 화수로14번길 62 (화정동)
봄빛약국,031)979-6544,"경기도 고양시 덕양구 성신로 14, 청한프라자 105,106호 (화정동)"
밝은양지온누리약국,031-964-0396,경기도 고양시 덕양구 읍내로6번길 1-8 (고양동)
메디케어약국,070-7717-8171,"경기도 고양시 덕양구 동송로 20, 삼송농산물종합유통센터 2층 (동산동)"
햇빛가득약국,031-938-8166,"경기도 고양시 덕양구 충장로 14, 401호 (행신동)"
해솔약국,031)979-9465,"경기도 고양시 덕양구 화중로 54, 서일빌딩 110호 (화정동)"
천사약국,031-967-9552,"경기도 고양시 덕양구 의장로 140, 104호 (도내동)"
마이다스수약국,031)978-5557,"경기도 고양시 덕양구 백양로 71, 204호 (화정동)"
덕양메디칼약국,031)938-1726,"경기도 고양시 덕양구 백양로 51, 104호 (화정동)"
삼성약국,,"경기도 고양시 덕양구 중앙로558번길 13, 102호 (행신동, 능곡 삼성프라자)"
햇살약국,031)973-3200,"경기도 고양시 덕양구 행신로 276, 105호 (행신동, 명일프라자)"
세원약국,031-966-0838,경기도 고양시 덕양구 화수로14번길 52 (화정동)
다나온누리약국,,"경기도 고양시 덕양구 화정로 47, 302호 (화정동, 동원텔)"
화정푸른솔약국,,"경기도 고양시 덕양구 성신로 10, 112호 (화정동, 글로버프라자)"
삼송스타약국,02)2063-9100,"경기도 고양시 덕양구 고양대로 1955, 지하2층 (동산동, 스타필드고양)"
지하1층 부츠약국 스타필드고양점,031)5173-0405,"경기도 고양시 덕양구 고양대로 1955, 스타필드 고양 지하1층 142호 (동산동)"
메디스약국,031)979-2277,"경기도 고양시 덕양구 중앙로 452, 104,105호 (행신동, 메디스타워)"
아이맘약국,070-8872-3222,"경기도 고양시 덕양구 중앙로 628, 304호 (화정동, 예일프라자)"
새서울약국,,"경기도 고양시 덕양구 지도로 47, 101호 (토당동, 보림빌딩)"
별약국,031-923-5443,"경기도 고양시 덕양구 삼송로 12, 112호 (원흥동, 반도유스퀘어)"
도토리약국,02-381-8191,"경기도 고양시 덕양구 세솔로 96, 1층 (삼송동)"
한마음약국,031)963-1771,경기도 고양시 덕양구 삼송로 12 (원흥동)
원흥온누리약국,031)967-2265,"경기도 고양시 덕양구 권율대로 672, 311호 (원흥동)"
작은약국,031-973-1717,"경기도 고양시 덕양구 용현로 7 (행신동, 에버그린110호)"
정다운온누리약국,02)381-0975,"경기도 고양시 덕양구 권율대로 889, 103호 (신원동, 파스텔시티2)"
평강약국,031)818-7176,"경기도 고양시 덕양구 호국로 822, 1층 119호 (성사동, 명지캐럿86)"
큰나무약국,031)967-5385,"경기도 고양시 덕양구 고양대로 1361, 11호 (성사동, 신원당빌딩)"
메디팜우일약국,,"경기도 고양시 덕양구 마상로154번길 68, 1층 (성사동, 금강빌딩)"
건강드림약국,,"경기도 고양시 덕양구 도래울로 52, 102호 (도내동, 센터프라자)"
원당시장약국,031-968-5969,"경기도 고양시 덕양구 호국로 803 (주교동, 세창아파트)"
대학약국,031-963-4645,경기도 고양시 덕양구 통일로 774 (관산동)
세솔약국,02-371-2408,"경기도 고양시 덕양구 권율대로 893, 108호 (신원동, 파스텔시티1차)"
미래열린약국,02-371-1371,"경기도 고양시 덕양구 신원로 32, 107,108호 (신원동, 미래메디컬빌딩)"
화정한약국,031-965-1113,"경기도 고양시 덕양구 화중로 96, 우정프라자 303호 (화정동)"
나실약국,031-968-8696,"경기도 고양시 덕양구 통일로 760, 3층 324호 (관산동, 더퍼스트프라임)"
원광한약국,031-972-8005,"경기도 고양시 덕양구 화신로 267, 111호 (화정동, 이프라자)"
화정햇빛약국,031-978-4010,"경기도 고양시 덕양구 충장로152번길 47, 105-1호 (행신동, 햇빛마을20단지)"
화정마더스 약국,031-938-5939,"경기도 고양시 덕양구 화정로 52, 지하2층 (화정동, 세이브존)"
활기찬 약국,070-4133-4846,"경기도 고양시 덕양구 삼송로 94-22, 105호 (삼송동, 신성프라자)"
한빛약국,031-970-6192,"경기도 고양시 덕양구 용현로 27, 104호 (행신동, 행신프라자)"
유스약국,02-381-9475,"경기도 고양시 덕양구 동세로 63, 1층 (삼송동, 강남프라자)"
화정녹십자약국,031-979-8777,"경기도 고양시 덕양구 화중로 60, 109호 (화정동, 화정빌딩)"
다사랑약국,031-815-2088,경기도 고양시 덕양구 도래울로 103 (도내동)
내유동우리약국,031-962-2830,"경기도 고양시 덕양구 유산길 22, 101호 (내유동)"
한울약국,031-973-2335,"경기도 고양시 덕양구 화중로 60, 302호 (화정동, 화정종합상가)"
꿈나무약국,070-4213-7707,"경기도 고양시 덕양구 도래울로 40, 103호 (도내동, 예승골드프라자)"
삼송약국,02-381-2003,"경기도 고양시 덕양구 권율대로 907, 1층 (신원동, 케이엔빌딩)"
메디팜장계약국,031-968-1297,"경기도 고양시 덕양구 화중로 220, 104호 (화정동, 부영상가)"
화정메디칼약국,031-974-5353,"경기도 고양시 덕양구 화중로 72, 105호 (화정동, 케이탑리츠화정빌딩)"
생생약국,031-966-0138,"경기도 고양시 덕양구 은빛로 41, 102호 (화정동, 대경프라자)"
행복드림약국,031-967-2700,"경기도 고양시 덕양구 호국로 819, 1층 (주교동, 신도빌딩)"
소영약국,031-979-6809,"경기도 고양시 덕양구 토당로 52, 205호 (토당동, 능곡역프라자)"
스카이약국,070-4139-3902,"경기도 고양시 덕양구 화중로 66, 1층 (화정동, 롯데마트)"
더건강약국,031-963-3525,"경기도 고양시 덕양구 통일로 760, 148호,179호 (관산동, 더퍼스트프라임상가)"
고양새물약국,031-962-4817,경기도 고양시 덕양구 혜음로 36 (고양동)
경희유원한약국,031-979-6160,"경기도 고양시 덕양구 토당로 52, 102호 (토당동, 능곡프라자)"
삼송제일약국,070-8861-0009,"경기도 고양시 덕양구 권율대로 886, 102호 (신원동, 호평프라자)"
코코온누리약국,02)381-5540,"경기도 고양시 덕양구 동세로 88, 102호 (삼송동, 오케이세솔프라자)"
메디팜행신약국,031-970-4073,"경기도 고양시 덕양구 무원로 63, 103호 (행신동, 무원마을10단지아파트)"
능곡종로약국,031-979-4503,경기도 고양시 덕양구 지도로103번길 34 (토당동)
또바기약국,031-965-1221,"경기도 고양시 덕양구 호국로790번길 17, 404호 (성사동, 영프라자)"
어울림온누리약국,031-968-3773,"경기도 고양시 덕양구 고양대로1384번길 7-5, 105호 (성사동)"
지우약국,031-979-8397,"경기도 고양시 덕양구 무원로6번길 20, M타워 503호 (행신동)"
동부약국,031-974-0656,"경기도 고양시 덕양구 중앙로 547, 1층 (행신동, 비금빌딩)"
메디팜다나약국,031-971-4357,"경기도 고양시 덕양구 중앙로 466, 103호 (행신동, 대광빌딩)"
동원텔약국,031-815-8112,"경기도 고양시 덕양구 화정로 47, 301호 (화정동, 동원텔)"
신성약국,02-582-0011,"경기도 고양시 덕양구 동산2로 1, 104호 (동산동, 현대프라자)"
3층사랑약국,031-979-6991,"경기도 고양시 덕양구 무원로 63, 308호 (행신동, 무원마을10단지서광상가)"
아이사랑약국,031-964-7545,"경기도 고양시 덕양구 통일로 769-2, 1층 (관산동, 소망빌딩)"
사랑인약국,,"경기도 고양시 덕양구 혜음로 30, 202-1호 (고양동, 삼성상가)"
능곡백제약국,031-971-8330,"경기도 고양시 덕양구 행당로 9, 102호 (토당동)"
삼층약국,031-979-4986,"경기도 고양시 덕양구 충경로 52, 306호 (행신동, 남정씨티프라자)"
옵티마2층약국,031-973-8521,"경기도 고양시 덕양구 토당로 115, 223호 (토당동, 금호프라자상가)"
사랑가득무지개약국,031-973-7582,"경기도 고양시 덕양구 중앙로 438, 105호 (행신동, 아름터프라자)"
화진약국,031-966-4628,"경기도 고양시 덕양구 호국로790번길 17, 409호 (성사동, 영프라자)"
호산나약국,031-979-6878,"경기도 고양시 덕양구 중앙로558번길 16-6, 1층 (행신동, 신일빌딩)"
행복가득한약국,031-972-6985,"경기도 고양시 덕양구 무원로 62, 1층 (행신동)"
푸른온누리약국,031-963-3030,경기도 고양시 덕양구 통일로 773 (관산동)
바로팜약국,031-966-0337,"경기도 고양시 덕양구 화정로 53-1, 1층 104호 (화정동, 글로리아프라자)"
하나약국,031-970-3040,"경기도 고양시 덕양구 행신로 266, 1층 103호 (행신동, 월드타워)"
고운맘약국,031-968-1206,"경기도 고양시 덕양구 호국로789번길 3, 108호 (주교동, 중앙빌딩)"
은혜약국,031-962-6459,경기도 고양시 덕양구 혜음로 29-1 (고양동)
큰곰약국,031-962-5685,"경기도 고양시 덕양구 혜음로 9, 정호빌딩 1층 2,3호 (고양동)"
예담약국,031-970-9534,"경기도 고양시 덕양구 행신로 268, 1층 (행신동, 예담메디컬파워)"
믿음약국,031)972-2319,경기도 고양시 덕양구 용현로53번길 52 (행신동)
소만약국,031-970-0905,"경기도 고양시 덕양구 충경로 96, 101호 (행신동, 소만빌딩)"
자미한약국,031)973-3770,"경기도 고양시 덕양구 충장로 140 (행신동,썬프라자 102호)"
꽃우물약국,070-4135-6717,"경기도 고양시 덕양구 화중로 60, 104호 (화정동)"
하나로약국,031-971-9052,"경기도 고양시 덕양구 충장로 134, 106호 (행신동, 아이프라자)"
임약국,031-962-3337,"경기도 고양시 덕양구 보광로 6, 1층 일부호 (고양동)"
원당약국,031-962-5114,경기도 고양시 덕양구 호국로 788 (성사동)
성보온누리약국,031-966-3393,"경기도 고양시 덕양구 호국로 851, 103호 (성사동)"
명보약국,031-938-9600,"경기도 고양시 덕양구 중앙로472번길 73 (행신동,1층)"
서정약국,031-938-3200,"경기도 고양시 덕양구 서정마을로 5, 104호 (행신동)"
새화정약국,031-814-8133,"경기도 고양시 덕양구 화정로 53, 401호 (화정동, 새롬프라자)"
온누리김원철약국,,"경기도 고양시 덕양구 중앙로 450, 108호 (행신동, 명성프라자)"
새한빛약국,031-972-6308,"경기도 고양시 덕양구 화신로272번길 58, 411호 (화정동, 영프라자)"
신중앙약국,031-973-6630,"경기도 고양시 덕양구 중앙로 550, 104호 (행신동, 삼일프라자)"
달빛이화약국,031-966-6111,"경기도 고양시 덕양구 화중로 217, 114호 (화정동, 달빛마을라이프상가)"
선약국,031-968-4265,경기도 고양시 덕양구 은빛로29번길 36 (화정동)
행신약국,031-974-3775,경기도 고양시 덕양구 행당로 35 (행신동)
그린약국,031-962-6819,"경기도 고양시 덕양구 푸른마을로 6, 308호 (고양동, 고양 e PLAZA)"
드림팜 약국,031-979-7210,"경기도 고양시 덕양구 백양로 79 (화정동, 이마트내 1층)"
해인약국,031-970-9734,"경기도 고양시 덕양구 중앙로 550, 303-A호 (행신동, 삼일프라자)"
화수약국,031-969-7724,경기도 고양시 덕양구 화수로14번길 30 (화정동)
사랑약국,031-970-0072,"경기도 고양시 덕양구 토당로 52, 304-2호 (토당동, 능곡프라자)"
영재약국,031-978-2295,"경기도 고양시 덕양구 토당로 115 (토당동, 금호프라자)"
그레이스온누리약국,031-978-8980,"경기도 고양시 덕양구 중앙로 548, 102호 (행신동, 현대프라자)"
종로약국,031-974-7582,"경기도 고양시 덕양구 화신로 278, 105호 (화정동, 세일빌딩)"
내유녹십자약국,031-963-3188,"경기도 고양시 덕양구 유산길 3 (내유동, 지하1층)"
내유원약국,031-969-2263,"경기도 고양시 덕양구 유산길 33, 1층 (내유동)"
다인온누리약국,031-972-2347,"경기도 고양시 덕양구 화신로 273, 101,102호 (화정동, 명지프라자)"
한국약국,031-968-9992,경기도 고양시 덕양구 호국로 778-28 (성사동)
희전약국,031-970-2676,"경기도 고양시 덕양구 무원로54번길 57, 1층 (행신동)"
통일로약국,031-969-3636,경기도 고양시 덕양구 통일로 772 (관산동)
새능곡메디슨약국,031-979-0930,"경기도 고양시 덕양구 지도로103번길 1, 101호 (토당동)"
수생약국,031-966-0920,경기도 고양시 덕양구 원당로33번길 30 (주교동)
담우약국,02-381-5300,경기도 고양시 덕양구 삼송로 178 (삼송동)
성지약국,031-817-0811,"경기도 고양시 덕양구 화신로272번길 67, 5층 (화정동, 장군빌딩)"
킴스백화점약국,031-979-8584,"경기도 고양시 덕양구 화신로260번길 51, 현창빌딩 1층 (화정동)"
종로대학약국,031-965-5922,경기도 고양시 덕양구 화수로14번길 56 (화정동)
굿모닝약국,031-938-9386,"경기도 고양시 덕양구 화중로 76, 406호 (화정동, 대감빌딩)"
화정종로약국,031-968-1663,"경기도 고양시 덕양구 화정로 53, 403호 (화정동, 새롬프라자)"
동우약국,031-970-6318,"경기도 고양시 덕양구 화신로260번길 57, 요진타워 305호 (화정동)"
윤진약국,031-970-3648,"경기도 고양시 덕양구 중앙로 554, 103호 (행신동, 희성프라자)"
해뜨는약국,031-964-8008,"경기도 고양시 덕양구 혜음로 45, 1층 (고양동, 고양메디칼빌딩)"
수정약국,031-971-1242,"경기도 고양시 덕양구 충장로 140, 303동 (행신동, 썬프라자)"
온누리청심약국,,경기도 고양시 덕양구 원당로125번길 5 (주교동)
벽제하나로약국,031-969-8908,경기도 고양시 덕양구 통일로 797 (관산동)
이십일세기새롬약국,031-965-4677,"경기도 고양시 덕양구 화정로 53, 110호 (화정동, 새롬프라자)"
무지개약국,031-963-3357,"경기도 고양시 덕양구 호국로 787, 101호 (주교동, 원당메디칼프라자)"
동신약국,031-972-3111,"경기도 고양시 덕양구 용현로 27, 103호 (행신동, 행신프라자)"
영진약국,031-969-1945,경기도 고양시 덕양구 호국로790번길 42-2 (성사동)
건강약국,031-963-9639,"경기도 고양시 덕양구 호국로 792, 1층 (성사동, 천일빌딩)"
고양이화약국,031-969-1711,경기도 고양시 덕양구 혜음로 38 (고양동)
보명약국,031-962-9625,경기도 고양시 덕양구 혜음로 9 (고양동)
수약국,031-978-7582,"경기도 고양시 덕양구 행신로 151, 3층 (행신동, 양일빌딩)"
메디팜글라라약국,031-972-1247,경기도 고양시 덕양구 토당로12번길 42 (토당동)
동희약국,031-963-8029,경기도 고양시 덕양구 통일로 752 (관산동)
유한약국,031-963-7185,"경기도 고양시 덕양구 원당로125번길 12, 101호 (주교동, 원릉빌딩)"
삼정약국,031-979-7003,"경기도 고양시 덕양구 중앙로 478, 103호 (행신동, 행신미원프라자)"
늘푸른약국,031-971-9082,"경기도 고양시 덕양구 충경로 38, 303호 (행신동, 진일프라자)"
행신삼보약국,031-971-3306,"경기도 고양시 덕양구 소원로 47, 112호 (행신동, 무원마을삼보상가)"
중앙약국,031-970-8338,경기도 고양시 덕양구 지도로 107 (토당동)
삼보약국,031-967-9393,"경기도 고양시 덕양구 고양대로1384번길 6, 116호 (성사동, 삼보상가)"
이조약국,031-972-4426,"경기도 고양시 덕양구 행신로143번길 72-1, 1층 (행신동)"
유명약국,031-972-9871,"경기도 고양시 덕양구 행당로 2, 102호 (토당동, 가남프라자)"
우리약국,031-962-7144,경기도 고양시 덕양구 원당로125번길 18 (주교동)
대종약국,031-962-6197,경기도 고양시 덕양구 마상로154번길 16 (성사동)
새천년약손약국,031-974-1678,경기도 고양시 덕양구 토당로 133-8 (토당동)
아림약국,031-974-7634,경기도 고양시 덕양구 지도로35번길 61 (토당동)
서우약국,031-972-8764,경기도 고양시 덕양구 능곡로 3 (토당동)
덕진약국,031-962-8702,경기도 고양시 덕양구 유산길 10 (내유동)
보성약국,02-381-8484,경기도 고양시 덕양구 삼송로 189-7 (삼송동)
세일약국,02-3158-5024,경기도 고양시 덕양구 화랑로 20-2 (화전동)
제일약국,031-904-3158,"경기도 고양시 일산동구 일산로 214, 화성프라자 1층 101호 (마두동)"
위시티진영약국,070-4241-0108,"경기도 고양시 일산동구 위시티4로 80, 1동 204일부호 (식사동, 위시티일산자이1단지아파트)"
마두하나약국,031-903-7750,"경기도 고양시 일산동구 중앙로 1195, 로스텔 103호 (장항동)"
엠시티약국,031-918-0957,"경기도 고양시 일산동구 백마로 195, 엠시티타워&엠시티오피스텔 1층 1190호 (장항동)"
더사랑약국,031-911-9408,"경기도 고양시 일산동구 무궁화로 39, 삼라마이다스 2층 209호 (장항동)"
호수약국,031-904-2466,"경기도 고양시 일산동구 장백로 172, 금강프라자 101호 (장항동)"
마두온누리약국,,"경기도 고양시 일산동구 중앙로 1172, 그랜드프라자 1층 108호 (마두동)"
벨라시타약국,031-849-5780,"경기도 고양시 일산동구 강송로 33, 지하1층 일부호 (백석동, 일산요진와이시티)"
세정약국,031-932-1814,"경기도 고양시 일산동구 장백로 172, 금강프라자 201호 (장항동)"
코코약국,031-906-9844,"경기도 고양시 일산동구 정발산로 33, 낙원프라자 4층 402-1호 (장항동)"
다인파랑새약국,031-905-0035,"경기도 고양시 일산동구 강송로 49, 윈스턴파크 1층 103,104호 (백석동)"
바로약국,031-919-3710,"경기도 고양시 일산동구 일산로 451, 1층 (정발산동)"
유승약국,070-8860-3657,"경기도 고양시 일산동구 일산로 452, 일산프라자 (정발산동)"
하늘약국,031-967-0053,"경기도 고양시 일산동구 위시티4로 46, 상가동 302, 303호 (식사동, 위시티일산자이2단지아파트)"
나무약국,031-932-6102,"경기도 고양시 일산동구 일산로 46, 남정씨티프라자 113호 (백석동)"
크린팜대학약국,031-962-4763,"경기도 고양시 일산동구 동국로 24, 1층 (식사동)"
두레약국,,"경기도 고양시 일산동구 중앙로 1080, 207호 (백석동)"
솔벗약국,031-905-0377,"경기도 고양시 일산동구 중앙로 1194, 103호 (마두동, 금강프라자)"
신일산희망약국,031-906-2458,"경기도 고양시 일산동구 중앙로 1189, 203-1호 (장항동, GM굿모닝 법조타운)"
메디팜일산약국,031-908-4555,"경기도 고양시 일산동구 백석로108번길 68-11, 1층 일부호 (백석동)"
서울드림약국,031-915-1199,"경기도 고양시 일산동구 고봉로 20-21, 119호 (장항동, 양우로데오랜드)"
터미널약국,031-936-7492,"경기도 고양시 일산동구 중앙로 1036, 1층 일부호 (백석동, 베스트 고양터미널)"
따뜻한약국,031-904-0642,"경기도 고양시 일산동구 중앙로1275번길 64, 2층 (장항동, 홈플러스 일산점)"
일산메디칼약국,031-902-9988,"경기도 고양시 일산동구 강송로 49, 101호 (백석동, 윈스턴파크)"
건강을요리하는약국,031-965-4321,"경기도 고양시 일산동구 중앙로 1130, 상가동 2층 A2-8호 (마두동, 강촌마을6단지아파트)"
일산아이약국,031-925-0350,"경기도 고양시 일산동구 일산로 439, 1층 (정발산동)"
웨스턴약국,031-931-5969,"경기도 고양시 일산동구 정발산로 24, A-109호 (장항동, 웨스턴돔1)"
호호호약국,070-8119-1835,"경기도 고양시 일산동구 백석로108번길 68-13, 1층 (백석동)"
품안에약국,070-4116-3784,"경기도 고양시 일산동구 중앙로 1189, 104호 (장항동, GM굿모닝 법조타운)"
풍동약국,031-906-8111,"경기도 고양시 일산동구 숲속마을로 40, 1층 (풍동, 유진프라자)"
호정약국,031-975-7589,"경기도 고양시 일산동구 성석로 30, 1층 (중산동)"
늘씬엄마튼튼아이푸른솔한약국,031-903-3311,"경기도 고양시 일산동구 중앙로1275번길 86-1, 205호 (장항동, 중앙 하이츠빌)"
풍동조은약국,070-8878-8098,"경기도 고양시 일산동구 숲속마을로 26, 304-A호 (풍동, 풍동프라자)"
일산그린약국,031-975-2475,"경기도 고양시 일산동구 고양대로 739, 203호 (중산동, 주은프라자)"
온누리하늘약국,031-977-9760,"경기도 고양시 일산동구 중산로 105, 107호 (중산동, 현해프라자)"
생생온누리약국,031-902-4938,"경기도 고양시 일산동구 정발산로 43-20, 118,119호 (장항동, 센트럴프라자)"
위시티사랑약국,031-969-4085,"경기도 고양시 일산동구 위시티2로11번길 31, 120호 (식사동, 스타타워)"
새일산약국,031-902-8642,"경기도 고양시 일산동구 강송로 179, 102호 (마두동, 신일산클리닉빌딩)"
훈민약국,031-901-1235,"경기도 고양시 일산동구 숲속마을로 48, 105호 (풍동, 신성프라자)"
다원약국,031-901-0121,"경기도 고양시 일산동구 정발산로 39, 103호 (장항동, 대양빌딩)"
신도시약국,031-907-6262,"경기도 고양시 일산동구 강송로74번길 8-18, 1층 (백석동)"
경희선한약국,031-902-2889,"경기도 고양시 일산동구 중앙로 1130, B동 37호 (마두동, 강촌마을6단지아파트)"
풍산사랑약국,,"경기도 고양시 일산동구 무궁화로 237 (중산동, 4층 일부(중산동, 이마트 풍산점))"
성심약국,031-903-6832,"경기도 고양시 일산동구 중앙로 1059, 102호 (백석동, ISD빌딩)"
정다운약국,031-906-4946,"경기도 고양시 일산동구 일산로 213, 106호 (마두동, 두성코아빌딩)"
센타약국,031-906-7412,"경기도 고양시 일산동구 일산로 324, 103호 (마두동, 서오능상가)"
메디칼온누리약국,031-966-5670,경기도 고양시 일산동구 동국로 26 (식사동)
으뜸약국,070-8234-1743,"경기도 고양시 일산동구 일산로 46, 411호 (백석동, 남정씨티프라자3차)"
하이약국,031-977-6617,경기도 고양시 일산동구 고양대로 757 (중산동)
우성약국,031-969--3355,"경기도 고양시 일산동구 동국로 48, 1층 (식사동, 일산송보빌딩)"
한결온누리약국,031-902-0526,"경기도 고양시 일산동구 강송로 169, 102호 (마두동, 한주프라자 )"
위시티 우리약국,031-964-1158,"경기도 고양시 일산동구 위시티4로 46, 106호 (식사동, 위시티일산자이2단지상가)"
뉴코아약국,070-7723-9559,"경기도 고양시 일산동구 강촌로 157, 103호 (마두동, 서울코아)"
자연온누리약국,031-908-2550,"경기도 고양시 일산동구 중산로 117, 105.106호 (중산동, 성도빌딩)"
한소망약국,,"경기도 고양시 일산동구 고봉로 20-5, 503호의 일부호 (장항동, 포오스프라자)"
마두행복한약국,031-901-2203,"경기도 고양시 일산동구 강석로 123, 71~73호 (마두동, 뉴삼창빌딩)"
샘터온누리약국,031-976-3105,"경기도 고양시 일산동구 하늘마을1로 2, 107호 (중산동, 풍산프라자)"
시민약국,031-975-1712,"경기도 고양시 일산동구 고양대로 762, 104호 (중산동, 하늘빌딩)"
새명약국,031-936-7671,"경기도 고양시 일산동구 중앙로 1036, 지하2층 (백석동, 고양종합양터미널)"
하얀약국,031-976-2758,"경기도 고양시 일산동구 고봉로 270, 1층 (중산동)"
뜨란약국,031-902-8975,"경기도 고양시 일산동구 숲속마을1로 71, 109호 (풍동, 샘터17)"
경원약국,031-969-2900,"경기도 고양시 일산동구 동국로 26, 1층 (식사동)"
365약국,031-907-7365,"경기도 고양시 일산동구 중앙로1275번길 60-14, 302호 (장항동, 고일프라자 )"
일산사랑약국,031-903-8806,"경기도 고양시 일산동구 일산로 211 (마두동, 2층일부)"
행복온누리약국,031-978-7496,"경기도 고양시 일산동구 위시티로 81, 107호 (식사동, 풍산트윈시티Ⅱ)"
중앙약국,031-905-0357,"경기도 고양시 일산동구 강송로 49, 107호 (백석동, 윈스터파크1)"
일산늘푸른약국,031-905-4535,"경기도 고양시 일산동구 중앙로1275번길 38-10, 210호 (장항동, 우림로데오스위트)"
대영약국,031-905-7388,"경기도 고양시 일산동구 무궁화로 18, 104호 (장항동, 남정시티프라자)"
푸른나무아래약국,031-919-3103,"경기도 고양시 일산동구 무궁화로 39, 110호 (장항동, 삼라마이다스3차)"
풍동메디칼약국,031-909-5335,"경기도 고양시 일산동구 숲속마을1로 77, 106호 (풍동, 그린메디피아빌딩)"
숲속약국,031-903-6565,"경기도 고양시 일산동구 숲속마을로 22, 103호 (풍동, 진넥스블루오션)"
드림온누리약국,031-905-5520,"경기도 고양시 일산동구 정발산로 15, 122호 (장항동, 드림월드프라자 )"
올림픽약국,031-906-0445,"경기도 고양시 일산동구 중앙로 1182 (마두동, 올림픽스포츠센타)"
보리수약국,031-965-2126,"경기도 고양시 일산동구 동국로 30 (식사동, 1층)"
우진약국,031-913-1323,"경기도 고양시 일산동구 무궁화로 31-2, 110호 (장항동, 풍성프라자)"
충무약국,031-903-1123,"경기도 고양시 일산동구 장백로 172, 305호 (장항동, 금강프라자)"
경희참한약국,031-911-7306,"경기도 고양시 일산동구 일산로463번길 77-1, 1층 (정발산동)"
아름다운약국,031-976-9537,"경기도 고양시 일산동구 중산로 253, 106,107호 (중산동)"
은약국,031-902-1512,"경기도 고양시 일산동구 정발산로 38, 306-2호 (장항동, 장항동이스턴시티)"
제일편한약국,031-901-8006,"경기도 고양시 일산동구 장백로 178, 106호 (장항동, 뉴욕프라자)"
이층호수약국,031-901-5547,"경기도 고양시 일산동구 백석로 24, 202호 (백석동, 흰돌마을3단지상가동)"
백석은혜약국,031-908-4573,"경기도 고양시 일산동구 일산로 46, 311호 (백석동, 남정씨티프라자3차)"
제일조은약국,031-965-3353,경기도 고양시 일산동구 동국로 20 (식사동)
정문온누리약국,031-906-6745,"경기도 고양시 일산동구 일산로 328, 103,104호 (마두동, 수색조합상가)"
해봄약국,031-907-3621,"경기도 고양시 일산동구 숲속마을1로 29-30, 106호 (풍동, 라고크리닉)"
풍동태평양약국,031-905-7985,"경기도 고양시 일산동구 숲속마을1로 76, 102, 103호 (풍동)"
평화온누리약국,031-906-9599,"경기도 고양시 일산동구 숲속마을1로 73, 106호 (풍동, 신성메디칼타운1층)"
미르약국,031-932-2033,"경기도 고양시 일산동구 중앙로 1065, 1층 (백석동, 일산 새빛 안과)"
일산나을약국,031-902-9906,"경기도 고양시 일산동구 중앙로 1172, 510호 (마두동, 그랜드프라자)"
성원약국,031-901-8544,"경기도 고양시 일산동구 중앙로 1080, 108호 (백석동, 남정골드프라자)"
약사랑약국,031-907-1686,"경기도 고양시 일산동구 강송로 49, 108, 109호 (백석동, 윈스턴파크아이)"
가까운약국,031-901-7939,"경기도 고양시 일산동구 강송로 49, 102호 (백석동, 윈스턴파크아이)"
고봉약국,031-964-4290,경기도 고양시 일산동구 공릉천로 32 (사리현동)
새희망약국,031-901-4922,"경기도 고양시 일산동구 일산로 324, 101, 102호 (마두동, 서오능상가조합)"
동의샘물약국,031-917-2028,"경기도 고양시 일산동구 대산로 30, 1층 (정발산동)"
정발산약국,031-904-8227,"경기도 고양시 일산동구 정발산로 43-20, 120호 (장항동, 센트럴프라자)"
메디칼참사랑온누리약국,031-976-8341,"경기도 고양시 일산동구 탄중로 316, 103호 (중산동, 솔샘프라자)"
플러스약국,031-932-1516,"경기도 고양시 일산동구 일산로316번길 5-9 (마두동, 1층)"
미소약국,031-810-9891,"경기도 고양시 일산동구 중앙로 1317, 1층 (장항동, 일산복합빌딩 )"
진영약국,031-904-3753,"경기도 고양시 일산동구 강석로 115, 102호 (마두동, 장항빌딩)"
시티약국,031-905-5599,"경기도 고양시 일산동구 중앙로 1172, 412호 (마두동, 그랜드프라자)"
오약국,031-932-0815,"경기도 고양시 일산동구 장백로 86, 101호 (백석동)"
프라임약국,031-924-7965,"경기도 고양시 일산동구 고봉로 32-6, 102호 (장항동, 엔트리원프라자)"
마트약국,031-902-8485,"경기도 고양시 일산동구 중앙로 1124, 2층 (백석동, 이마트)"
굿모닝조은약국,031-906-0075,"경기도 고양시 일산동구 강송로 49, 105, 106호 (백석동, 윈스턴파크아이)"
봄약국,031-925-7890,"경기도 고양시 일산동구 장백로 56, 204-2호 (백석동, 크리스탈빌딩)"
행복한약국,031-908-7733,"경기도 고양시 일산동구 강송로73번길 7-19, 1층 (백석동)"
은빛약국,031-907-0930,"경기도 고양시 일산동구 중앙로 1172, 302호 일부호 (마두동, 그랜드프라자)"
온누리은하수약국,031-901-9007,"경기도 고양시 일산동구 강촌로 157, 303호 (마두동, 서울코아)"
샘물약국,031-905-7436,"경기도 고양시 일산동구 일산로 240, 1층 (마두동, 백마프라자)"
윤약국,031-913-0863,경기도 고양시 일산동구 일산로 444 (정발산동)
햇빛약국,031-975-1313,"경기도 고양시 일산동구 중산로 247, 103호 (중산동, 중산프라자)"
좋은느낌우리약국,031-975-9501,"경기도 고양시 일산동구 고양대로 754 (중산동, 소이빌딩)"
온누리시민약국,031-901-1091,"경기도 고양시 일산동구 중앙로 1228, 1층 (마두동, KT고양지사)"
우주약국,031-907-0567,"경기도 고양시 일산동구 경의로 315, 101호 (마두동, 설촌상가)"
인정약국,031-905-9050,경기도 고양시 일산동구 정발산로196번길 7-25 (마두동)
양지약국,031-977-6190,"경기도 고양시 일산동구 탄중로 426, 106호 (중산동, 중산경남동신APT단지내상가)"
참약국,031-918-2549,"경기도 고양시 일산동구 중앙로 1130, A2-11호 (마두동, 강촌마을6단지아파트)"
청구약국,031-904-5882,"경기도 고양시 일산동구 노루목로 107, 111호 (장항동, 청구APT상가)"
자연약국,031-902-9571,"경기도 고양시 일산동구 장백로 194, 111호 (장항동, 위너스21)"
온누리흰돌약국,031-902-3597,"경기도 고양시 일산동구 장백로 59, 106호 (백석동, 흰돌마을주공임대상가)"
온누리우성약국,031-901-7575,"경기도 고양시 일산동구 백석로 105, 109호 (백석동, 백송마을3단지 우성종합상가)"
정신약국,031-908-0981,경기도 고양시 일산동구 장항로 293 (장항동)
레이킨스약국,070-4101-8318,"경기도 고양시 일산서구 호수로 817, 레이킨스몰 253호 (대화동)"
킨텍스아는약국,031-911-6002,"경기도 고양시 일산서구 킨텍스로 240, 킨텍스 꿈에그린 130호 (대화동, 킨텍스 꿈에그린)"
일산더조은약국,031-914-8275,"경기도 고양시 일산서구 호수로856번길 74-3, 1(전체)층 (대화동)"
원약국,070-4156-7861,"경기도 고양시 일산서구 호수로 817, 레이킨스몰 264호 (대화동)"
대화하이약국,031-994-7789,"경기도 고양시 일산서구 중앙로 1576, 태진프라자 307호 (대화동)"
다나을약국,031-911-7151,"경기도 고양시 일산서구 중앙로 1426, 일송노브레스 409호 (주엽동)"
새은혜약국,031-977-3113,"경기도 고양시 일산서구 원일로 81, 1층 (일산동)"
스마일약국,031-925-7036,"경기도 고양시 일산서구 호수로 817, 레이킨스몰 2층 242호 (대화동)"
메디빌사랑약국,031-913-7575,"경기도 고양시 일산서구 중앙로 1426, 일송노브레스 603-1호 (주엽동)"
경희한약국 순수착한맘,031-916-1113,"경기도 고양시 일산서구 일현로 97-11, 106호 (탄현동, 일산 위브더제니스)"
봄사랑약국,031-913-1021,"경기도 고양시 일산서구 중앙로 1568, 하성프라자 101,102호 (대화동)"
스타약국,031-913-7582,"경기도 고양시 일산서구 탄현로 136, 상가동 110호 (탄현동, 일산에듀포레푸르지오)"
세진약국,070-4132-5924,"경기도 고양시 일산서구 산현로 15, 무광프라자 306-1호 (탄현동)"
다나약국,031-921-8669,"경기도 고양시 일산서구 중앙로 1564, 그린월드 403-1호 (대화동)"
평화약국,031-916-4688,"경기도 고양시 일산서구 호수로856번길 74-1, 1층 (대화동)"
푸른약국,031-914-1558,"경기도 고양시 일산서구 중앙로 1456, 서현프라자 120,121호 (주엽동)"
미담한약국,031-925-2570,"경기도 고양시 일산서구 일산로 614, 후곡마을6단지 상가동 106호 (일산동)"
시원약국,031-911-2137,"경기도 고양시 일산서구 일산로 523, 보성상가 103호 (일산동)"
새빛온누리약국,031-921-9788,"경기도 고양시 일산서구 가좌1로 10, 상가동 104호 (가좌동, 가좌마을5단지아파트)"
단비약국,031-916-3470,"경기도 고양시 일산서구 대산로 162, 문촌마을2단지 상가동 102호 (주엽동)"
뿌리한약국,031-918-4210,"경기도 고양시 일산서구 경의로 871, 1층 1호 (덕이동)"
기쁨약국,031-924-4500,"경기도 고양시 일산서구 강선로 49, 일산비스타오피스텔 103호 (주엽동)"
일산호산나약국,031-975-4589,"경기도 고양시 일산서구 원일로 69, 씨티프라자 311호 (일산동)"
기쁜온누리약국,031-915-1003,"경기도 고양시 일산서구 중앙로 1426, 4층 408호 (주엽동)"
풍림온누리약국,031-922-1809,"경기도 고양시 일산서구 현중로 8, 상가동 114호 (탄현동, 탄현마을16단지)"
일산큰사랑약국,031-919-2728,"경기도 고양시 일산서구 일산로 676, 1층 (대화동)"
고양하나로약국,070-4228-1128,"경기도 고양시 일산서구 대화로 362, 1층 (대화동, 고양농수산물종합유통센터)"
한사랑온누리약국,031-913-8232,"경기도 고양시 일산서구 하이파크3로 84, 104호 (덕이동, 신성프라자)"
인제조은약국,031-915-2400,"경기도 고양시 일산서구 호수로856번길 73-2, 1층 (대화동)"
라라약국,031-912-6104,"경기도 고양시 일산서구 중앙로 1493, 2층 2001-2호 (주엽동, 문촌마을 애비뉴상가 )"
모두의약국,070-7579-5085,"경기도 고양시 일산서구 일산로 576, 106호 (일산동, 대성프라자)"
고려약국,031-975-6611,경기도 고양시 일산서구 원일로 73 (일산동)
한나약국,031-915-7501,"경기도 고양시 일산서구 중앙로 1406, 106호 (주엽동, 한솔코아)"
대지약국,031-925-1229,"경기도 고양시 일산서구 대산로 55, 104호 (주엽동, 강선마을상가동)"
큰사랑약국,031-916-5040,"경기도 고양시 일산서구 강선로 59, 103호 (주엽동, 동신파크)"
온누리종로약국,031-913-2243,"경기도 고양시 일산서구 일현로 140, 114~116호 (탄현동, 큰마을현대아파트)"
주약국,031-911-1117,"경기도 고양시 일산서구 하이파크2로 60, 1층 104호 (덕이동, 든든한빌딩)"
미성단아한약국,070-7889-7432,"경기도 고양시 일산서구 강성로 271, 203호 (대화동)"
일산에이스약국,031-912-6969,"경기도 고양시 일산서구 중앙로 1560 (대화동, 다산스카이빌 101호)"
주엽약국,031-817-3801,"경기도 고양시 일산서구 중앙로 1437 (주엽동, 화성프라자 105호)"
건강드림온누리약국,031-911-8275,"경기도 고양시 일산서구 강성로 275, 101호 (대화동, 스타타워빌딩)"
제니스온누리약국,031-918-7119,"경기도 고양시 일산서구 일현로 97-11, 일산 위브더제니스 158-A호 (탄현동, 일산 위브더제니스)"
코끼리온누리약국,031-913-0516,"경기도 고양시 일산서구 중앙로 1456, 서현프라자 108호 (주엽동)"
신세계약국,031-911-2933,"경기도 고양시 일산서구 중앙로 1574, 102호 (대화동, 월드프라자)"
튼튼약국,031-917-7582,"경기도 고양시 일산서구 중앙로 1426 (주엽동, 일송노블레스 208호일부)"
탄현약국,070-8822-0160,"경기도 고양시 일산서구 일현로 97-11, 1층 112호 (탄현동, 일산위브더제니스)"
제니스약국,031-917-5119,"경기도 고양시 일산서구 일현로 97-11, 1층 109-B호 (탄현동, 일산 위브더제니스)"
일산선약국,031-923-0222,"경기도 고양시 일산서구 가좌1로 53, 110호 (가좌동, 샤르망프라자)"
다정약국,031-977-4913,"경기도 고양시 일산서구 일청로 15-1, 1층 (일산동)"
킨텍스프라자약국,031-917-3137,"경기도 고양시 일산서구 호수로 817, 지하1층 일부호 (대화동, 레이킨스몰 홈플러스킨텍스점)"
백세약국,031-975-9002,"경기도 고양시 일산서구 일중로 45, 가동 1층 일부호 (일산동)"
우리봄약국,031-925-3816,"경기도 고양시 일산서구 하이파크3로78번길 1, 107호 (덕이동, 리더스프라자)"
신일산약국,031-977-1335,"경기도 고양시 일산서구 일중로 92, 3호 (일산동)"
사랑약국,031-922-2646,"경기도 고양시 일산서구 후곡로 19, 304호 (일산동, 평화프라자 )"
파랑새온누리약국,,"경기도 고양시 일산서구 중앙로 1455, 157호 (주엽동, 대우시티프라자)"
서현약국,031-911-8810,"경기도 고양시 일산서구 중앙로 1448, 1층 일부호 (주엽동)"
밝은온누리약국,031-925-7505,"경기도 고양시 일산서구 가좌3로 29, 1층 (가좌동)"
보영약국,031-911-8961,"경기도 고양시 일산서구 대화2로 137, 상가동 104호 (대화동, 대화마을)"
큰믿음약국,031-921-6622,"경기도 고양시 일산서구 호수로856번길 73-4, 1층 (대화동)"
토마토약국,031-924-7392,"경기도 고양시 일산서구 강선로 59, 405호 (주엽동, 동신파크빌딩)"
365종로약국,031-921-5232,"경기도 고양시 일산서구 일산로 530, 1층 (일산동, 모아프라자)"
드림약국,031-912-0308,"경기도 고양시 일산서구 강선로 59, 110~112호 (주엽동, 동신파크빌딩)"
미래팜약국,031 976-9465,"경기도 고양시 일산서구 원일로 126, 105호 (일산동, 원플라자)"
박약국,031 911-8282,"경기도 고양시 일산서구 대화1로 76, 1층 108호 (대화동, 연세프라자)"
행복약국,915-7717,"경기도 고양시 일산서구 일산로 538, 103호 (일산동, 일신2조합)"
앞서가는21세기약국,031-925-8188,"경기도 고양시 일산서구 중앙로 1416, 1층 101호 (주엽동, 한사랑빌딩)"
약손약국,031 977-9745,"경기도 고양시 일산서구 고봉로 291 (일산동, 에이스스타디움302-1)"
새봄약국,031-925-7890,"경기도 고양시 일산서구 탄현로 115-22, 1층 101,102호 (탄현동, 큰마을대림현대주상가)"
미래로약국,031-919-4846,"경기도 고양시 일산서구 장자길118번길 122, 102호 (덕이동)"
미소가 가득한 약국,031)9191-913,"경기도 고양시 일산서구 중앙로 1426 (주엽동,일송노블레스빌딩 510호)"
푸른바다약국,031-924-3110,"경기도 고양시 일산서구 중앙로 1559, 107호 (대화동, 씨티타워)"
일산태양약국,031 976 9933,"경기도 고양시 일산서구 고양대로632번길 60, 113,114호 (일산동, 일산역이안)"
은성약국,031-917-8410,"경기도 고양시 일산서구 고양대로 732, 101호 (일산동, 대진빌딩)"
홈케어웰빙약국,031 913 7800,"경기도 고양시 일산서구 중앙로 1547, 112호 (대화동, 킨텍스존)"
우리팜약국,031 925 7007,"경기도 고양시 일산서구 일현로 47, 108호 (탄현동, 예일큰프라자)"
태창약국,031 919 9311,"경기도 고양시 일산서구 강선로 59, 305호 (주엽동, 동신파크빌딩)"
이편한온누리약국,031 913 0066,"경기도 고양시 일산서구 주화로 180, 104호 (대화동, 월드메르디앙)"
하늘샘약국,031 925 0733,"경기도 고양시 일산서구 덕이로 8 (덕이동, 아이산산후조리원 1층 일부)"
건강한약국,031 916 8645,"경기도 고양시 일산서구 일산로 526, 1층 (일산동, 진송빌딩)"
사과나무약국,031 912 5522,"경기도 고양시 일산서구 중앙로 1573, 107호 (대화동, 킨텍스프라자)"
유진온누리약국,031 915 3382,"경기도 고양시 일산서구 중앙로 1565, 104호 (대화동, 메드위즈빌딩)"
대한약국,031 923 5400,"경기도 고양시 일산서구 호수로856번길 74-7, 1층 (대화동)"
중앙프라자약국,031 922 6415,"경기도 고양시 일산서구 대산로 222, 1층 (대화동)"
열린큰사랑약국,031 975 0401,경기도 고양시 일산서구 고양대로675번길 8 (일산동)
나라약국,031 918 6311,"경기도 고양시 일산서구 산현로 15, 206호 (탄현동, 무광프라자)"
참조은약국,031 975 1777,"경기도 고양시 일산서구 고양대로 691, 2층 (일산동, 한더빌딩)"
대화약국,031 913 9295,"경기도 고양시 일산서구 중앙로 1559 (대화동, 시티타워)"
정약국,031 976 8554,"경기도 고양시 일산서구 고봉로 291, 307호 (일산동, 에이스스타디움)"
메디팜세진약국,031 917 5924,"경기도 고양시 일산서구 일현로 123, 105,106호 (탄현동, 휴엔코아)"
한사랑약국,031 922 8666,"경기도 고양시 일산서구 중앙로 1416, 703호 (주엽동, 한사랑빌딩)"
열린약국,031 817 2348,"경기도 고양시 일산서구 일산로 523, 108호 (일산동, 보성상가)"
소망약국,031 916 2737,"경기도 고양시 일산서구 강선로 152, 105호 (일산동, 두레빌딩)"
일산굿모닝약국,031 925 3200,"경기도 고양시 일산서구 호수로856번길 74-9, 1층 (대화동)"
백두약국,031 922 9770,"경기도 고양시 일산서구 일현로 56, 103호 (탄현동, 삼정프라자)"
메디팜일산백약국,031 921 4555,"경기도 고양시 일산서구 주화로 180, 1층 105호 (대화동, 월드메르디앙)"
대화마을약국,031 917 4422,"경기도 고양시 일산서구 송포로 35, 117호 (대화동, 대륙종합상가)"
두리약국,031 925 7582,"경기도 고양시 일산서구 일현로 53, 111호 (탄현동, 메디누리)"
강선약국,031 925 1141,"경기도 고양시 일산서구 대산로 117, 101호 (주엽동)"
대화건강약국,031 911 0381,"경기도 고양시 일산서구 중앙로 1563, 103호 (대화동, 영림브레아)"
새사랑약국,031 919 7948,"경기도 고양시 일산서구 중앙로 1416, 201-1호 (주엽동, 한사랑빌딩)"
화성삼층약국,031 918 0533,"경기도 고양시 일산서구 중앙로 1437, 309호 (주엽동, 화성프라자)"
한미약국,031 922 9577,"경기도 고양시 일산서구 일현로 56, 106호 (탄현동, 삼정프라자)"
문촌약국,031-916-6119,"경기도 고양시 일산서구 중앙로 1493, 2061호 (주엽동, 문촌마을12단지아파트)"
삼육오행운약국,031 975 2511,"경기도 고양시 일산서구 일중로 46, 106-107호 (일산동)"
가나약국,031 912 2627,"경기도 고양시 일산서구 중앙로 1449, 108호 (주엽동, 효원빌딩)"
행복이가득한서울약국,031 915 5557,"경기도 고양시 일산서구 중앙로 1470, 3동 3206호 (주엽동, 문촌마을복합상가)"
지성약국,031-917-2230,"경기도 고양시 일산서구 중앙로 1419, 102호 (주엽동, 정도프라자)"
가은약국,031 923 6039,"경기도 고양시 일산서구 탄중로233번길 25, 105호 (탄현동, 외 1필지 양우프라자)"
대원약국,031 911-8301,"경기도 고양시 일산서구 중앙로 1426, 105,106호 (주엽동, 일송노블레스)"
예닮약국,031 915 4773,"경기도 고양시 일산서구 후곡로 22, 105,106호 (일산동)"
광장약국,031 918 2515,"경기도 고양시 일산서구 중앙로 1437, 411호 (주엽동, 화성프라자)"
에이스약국,031 913 2999,"경기도 고양시 일산서구 현중로 61 (탄현동, 에이스10차아파트상가)"
연세약국,031 915-0425,"경기도 고양시 일산서구 중앙로 1371, 1층 61,62호 (주엽동, 뉴서울상가)"
온누리열린약국,031 921 8141,"경기도 고양시 일산서구 산현로 7, 102,103호 (탄현동, 풍성프라자)"
우진온누리약국,031 914 4126,"경기도 고양시 일산서구 일산로 580, 105호 (일산동, 정발상가)"
청암약국,031 915 9490,"경기도 고양시 일산서구 일현로 128, 1층 101-2, 102호 (탄현동, 탄현마을상가동)"
보원약국,031 977 1919,"경기도 고양시 일산서구 원일로 69, 씨티프라자 123호 (일산동)"
